code,name,ccy
MMM,3M,USD
AOS,A. O. Smith,USD
ABT,Abbott Laboratories,USD
ABBV,AbbVie,USD
ACN,Accenture,USD
ADBE,Adobe Inc.,USD
AMD,Advanced Micro Devices,USD
AES,AES Corporation,USD
AFL,Aflac,USD
A,Agilent Technologies,USD
APD,Air Products,USD
ABNB,Airbnb,USD
AKAM,Akamai Technologies,USD
ALB,Albemarle Corporation,USD
ARE,Alexandria Real Estate Equities,USD
ALGN,Align Technology,USD
ALLE,Allegion,USD
LNT,Alliant Energy,USD
ALL,Allstate,USD
GOOGL,Alphabet Inc. (Class A),USD
GOOG,Alphabet Inc. (Class C),USD
MO,Altria,USD
AMZN,Amazon,USD
AMCR,Amcor,USD
AEE,Ameren,USD
AEP,American Electric Power,USD
AXP,American Express,USD
AIG,American International Group,USD
AMT,American Tower,USD
AWK,American Water Works,USD
AMP,Ameriprise Financial,USD
AME,Ametek,USD
AMGN,Amgen,USD
APH,Amphenol,USD
ADI,Analog Devices,USD
AON,Aon plc,USD
APA,APA Corporation,USD
APO,Apollo Global Management,USD
AAPL,Apple Inc.,USD
AMAT,Applied Materials,USD
APP,AppLovin,USD
APTV,Aptiv,USD
ACGL,Arch Capital Group,USD
ADM,Archer Daniels Midland,USD
ARES,Ares Management,USD
ANET,Arista Networks,USD
AJG,Arthur J. Gallagher & Co.,USD
AIZ,Assurant,USD
T,AT&T,USD
ATO,Atmos Energy,USD
ADSK,Autodesk,USD
ADP,Automatic Data Processing,USD
AZO,AutoZone,USD
AVB,AvalonBay Communities,USD
AVY,Avery Dennison,USD
AXON,Axon Enterprise,USD
BKR,Baker Hughes,USD
BALL,Ball Corporation,USD
BAC,Bank of America,USD
BAX,Baxter International,USD
BDX,Becton Dickinson,USD
BRKB,Berkshire Hathaway,USD
BBY,Best Buy,USD
TECH,Bio-Techne,USD
BIIB,Biogen,USD
BLK,BlackRock,USD
BX,Blackstone Inc.,USD
XYZ,"Block, Inc.",USD
BNY,BNY Mellon,USD
BA,Boeing,USD
BKNG,Booking Holdings,USD
BSX,Boston Scientific,USD
BMY,Bristol Myers Squibb,USD
AVGO,Broadcom,USD
BR,Broadridge Financial Solutions,USD
BRO,Brown & Brown,USD
BFB,Brown–Forman,USD
BLDR,Builders FirstSource,USD
BG,Bunge Global,USD
BXP,"BXP, Inc.",USD
CHRW,C.H. Robinson,USD
CDNS,Cadence Design Systems,USD
CPT,Camden Property Trust,USD
COF,Capital One,USD
CAH,Cardinal Health,USD
CCL,Carnival Corporation,USD
CARR,Carrier Global,USD
CVNA,Carvana,USD
CASY,Casey's,USD
CAT,Caterpillar Inc.,USD
CBOE,Cboe Global Markets,USD
CBRE,CBRE Group,USD
CDW,CDW Corporation,USD
COR,Cencora,USD
CNC,Centene Corporation,USD
CNP,CenterPoint Energy,USD
CF,CF Industries,USD
CRL,Charles River Laboratories,USD
SCHW,Charles Schwab Corporation,USD
CHTR,Charter Communications,USD
CVX,Chevron Corporation,USD
CMG,Chipotle Mexican Grill,USD
CB,Chubb Limited,USD
CHD,Church & Dwight,USD
CIEN,Ciena,USD
CI,Cigna,USD
CINF,Cincinnati Financial,USD
CTAS,Cintas,USD
CSCO,Cisco,USD
C,Citigroup,USD
CFG,Citizens Financial Group,USD
CLX,Clorox,USD
CME,CME Group,USD
CMS,CMS Energy,USD
KO,Coca-Cola Company (The),USD
CTSH,Cognizant,USD
COHR,Coherent Corp.,USD
COIN,Coinbase,USD
CL,Colgate-Palmolive,USD
CMCSA,Comcast,USD
FIX,Comfort Systems USA,USD
CAG,Conagra Brands,USD
COP,ConocoPhillips,USD
ED,Consolidated Edison,USD
STZ,Constellation Brands,USD
CEG,Constellation Energy,USD
COO,Cooper Companies (The),USD
CPRT,Copart,USD
GLW,Corning Inc.,USD
CPAY,Corpay,USD
CTVA,Corteva,USD
CSGP,CoStar Group,USD
COST,Costco,USD
CRH,CRH plc,USD
CRWD,CrowdStrike,USD
CCI,Crown Castle,USD
CSX,CSX Corporation,USD
CMI,Cummins,USD
CVS,CVS Health,USD
DHR,Danaher Corporation,USD
DRI,Darden Restaurants,USD
DDOG,Datadog,USD
DVA,DaVita,USD
DECK,Deckers Brands,USD
DE,Deere & Company,USD
DELL,Dell Technologies,USD
DAL,Delta Air Lines,USD
DVN,Devon Energy,USD
DXCM,Dexcom,USD
FANG,Diamondback Energy,USD
DLR,Digital Realty,USD
DG,Dollar General,USD
DLTR,Dollar Tree,USD
D,Dominion Energy,USD
DPZ,Domino's,USD
DASH,DoorDash,USD
DOV,Dover Corporation,USD
DOW,Dow Inc.,USD
DHI,D. R. Horton,USD
DTE,DTE Energy,USD
DUK,Duke Energy,USD
DD,DuPont,USD
ETN,Eaton Corporation,USD
EBAY,eBay Inc.,USD
SATS,EchoStar,USD
ECL,Ecolab,USD
EIX,Edison International,USD
EW,Edwards Lifesciences,USD
EA,Electronic Arts,USD
ELV,Elevance Health,USD
EME,Emcor,USD
EMR,Emerson Electric,USD
ETR,Entergy,USD
EOG,EOG Resources,USD
EQT,EQT Corporation,USD
EFX,Equifax,USD
EQIX,Equinix,USD
EQR,Equity Residential,USD
ERIE,Erie Indemnity,USD
ESS,Essex Property Trust,USD
EL,Estée Lauder Companies (The),USD
EG,Everest Group,USD
EVRG,Evergy,USD
ES,Eversource Energy,USD
EXC,Exelon,USD
EXE,Expand Energy,USD
EXPE,Expedia Group,USD
EXPD,Expeditors International,USD
EXR,Extra Space Storage,USD
XOM,ExxonMobil,USD
FFIV,"F5, Inc.",USD
FDS,FactSet,USD
FICO,Fair Isaac,USD
FAST,Fastenal,USD
FRT,Federal Realty Investment Trust,USD
FDX,FedEx,USD
FDXF,FedEx Freight,USD
FIS,Fidelity National Information Services,USD
FITB,Fifth Third Bancorp,USD
FSLR,First Solar,USD
FE,FirstEnergy,USD
FISV,Fiserv,USD
FLEX,Flex Ltd.,USD
F,Ford Motor Company,USD
FTNT,Fortinet,USD
FTV,Fortive,USD
FOXA,Fox Corporation (Class A),USD
FOX,Fox Corporation (Class B),USD
BEN,Franklin Resources,USD
FCX,Freeport-McMoRan,USD
GRMN,Garmin,USD
IT,Gartner,USD
GE,GE Aerospace,USD
GEHC,GE HealthCare,USD
GEV,GE Vernova,USD
GEN,Gen Digital,USD
GNRC,Generac,USD
GD,General Dynamics,USD
GIS,General Mills,USD
GM,General Motors,USD
GPC,Genuine Parts Company,USD
GILD,Gilead Sciences,USD
GPN,Global Payments,USD
GL,Globe Life,USD
GDDY,GoDaddy,USD
GS,Goldman Sachs,USD
HAL,Halliburton,USD
HIG,Hartford (The),USD
HAS,Hasbro,USD
HCA,HCA Healthcare,USD
DOC,Healthpeak Properties,USD
HSIC,Henry Schein,USD
HSY,Hershey Company (The),USD
HPE,Hewlett Packard Enterprise,USD
HLT,Hilton Worldwide,USD
HD,Home Depot (The),USD
HON,Honeywell,USD
HRL,Hormel Foods,USD
HST,Host Hotels & Resorts,USD
HWM,Howmet Aerospace,USD
HPQ,HP Inc.,USD
HUBB,Hubbell Incorporated,USD
HUM,Humana,USD
HBAN,Huntington Bancshares,USD
HII,Huntington Ingalls Industries,USD
IBM,IBM,USD
IEX,IDEX Corporation,USD
IDXX,Idexx Laboratories,USD
ITW,Illinois Tool Works,USD
INCY,Incyte,USD
IR,Ingersoll Rand,USD
PODD,Insulet Corporation,USD
INTC,Intel,USD
IBKR,Interactive Brokers,USD
ICE,Intercontinental Exchange,USD
IFF,International Flavors & Fragrances,USD
IP,International Paper,USD
INTU,Intuit,USD
ISRG,Intuitive Surgical,USD
IVZ,Invesco,USD
INVH,Invitation Homes,USD
IQV,IQVIA,USD
IRM,Iron Mountain,USD
JBHT,J.B. Hunt,USD
JBL,Jabil,USD
JKHY,Jack Henry & Associates,USD
J,Jacobs Solutions,USD
JNJ,Johnson & Johnson,USD
JCI,Johnson Controls,USD
JPM,JPMorgan Chase,USD
KVUE,Kenvue,USD
KDP,Keurig Dr Pepper,USD
KEY,KeyCorp,USD
KEYS,Keysight Technologies,USD
KMB,Kimberly-Clark,USD
KIM,Kimco Realty,USD
KMI,Kinder Morgan,USD
KKR,KKR & Co.,USD
KLAC,KLA Corporation,USD
KHC,Kraft Heinz,USD
KR,Kroger,USD
LHX,L3Harris,USD
LH,Labcorp,USD
LRCX,Lam Research,USD
LVS,Las Vegas Sands,USD
LDOS,Leidos,USD
LEN,Lennar,USD
LII,Lennox International,USD
LLY,Lilly (Eli),USD
LIN,Linde plc,USD
LYV,Live Nation Entertainment,USD
LMT,Lockheed Martin,USD
L,Loews Corporation,USD
LOW,Lowe's,USD
LULU,Lululemon Athletica,USD
LITE,Lumentum,USD
LYB,LyondellBasell,USD
MTB,M&T Bank,USD
MPC,Marathon Petroleum,USD
MAR,Marriott International,USD
MRSH,Marsh McLennan,USD
MLM,Martin Marietta Materials,USD
MRVL,Marvell Technology,USD
MAS,Masco,USD
MA,Mastercard,USD
MKC,McCormick & Company,USD
MCD,McDonald's,USD
MCK,McKesson Corporation,USD
MDT,Medtronic,USD
MRK,Merck & Co.,USD
META,Meta Platforms,USD
MET,MetLife,USD
MTD,Mettler Toledo,USD
MGM,MGM Resorts,USD
MCHP,Microchip Technology,USD
MU,Micron Technology,USD
MSFT,Microsoft,USD
MAA,Mid-America Apartment Communities,USD
MRNA,Moderna,USD
TAP,Molson Coors Beverage Company,USD
MDLZ,Mondelez International,USD
MPWR,Monolithic Power Systems,USD
MNST,Monster Beverage,USD
MCO,Moody's Corporation,USD
MS,Morgan Stanley,USD
MOS,Mosaic Company (The),USD
MSI,Motorola Solutions,USD
MSCI,MSCI Inc.,USD
NDAQ,"Nasdaq, Inc.",USD
NTAP,NetApp,USD
NFLX,Netflix,USD
NEM,Newmont,USD
NWSA,News Corp (Class A),USD
NWS,News Corp (Class B),USD
NEE,NextEra Energy,USD
NKE,"Nike, Inc.",USD
NI,NiSource,USD
NDSN,Nordson Corporation,USD
NSC,Norfolk Southern,USD
NTRS,Northern Trust,USD
NOC,Northrop Grumman,USD
NCLH,Norwegian Cruise Line Holdings,USD
NRG,NRG Energy,USD
NUE,Nucor,USD
NVDA,Nvidia,USD
NVR,"NVR, Inc.",USD
NXPI,NXP Semiconductors,USD
ORLY,O’Reilly Automotive,USD
OXY,Occidental Petroleum,USD
ODFL,Old Dominion,USD
OMC,Omnicom Group,USD
ON,ON Semiconductor,USD
OKE,Oneok,USD
ORCL,Oracle Corporation,USD
OTIS,Otis Worldwide,USD
PCAR,Paccar,USD
PKG,Packaging Corporation of America,USD
PLTR,Palantir Technologies,USD
PANW,Palo Alto Networks,USD
PSKY,Paramount Skydance Corporation,USD
PH,Parker Hannifin,USD
PAYX,Paychex,USD
PYPL,PayPal,USD
PNR,Pentair,USD
PEP,PepsiCo,USD
PFE,Pfizer,USD
PCG,PG&E Corporation,USD
PM,Philip Morris International,USD
PSX,Phillips 66,USD
PNW,Pinnacle West Capital,USD
PNC,PNC Financial Services,USD
PPG,PPG Industries,USD
PPL,PPL Corporation,USD
PFG,Principal Financial Group,USD
PG,Procter & Gamble,USD
PGR,Progressive Corporation,USD
PLD,Prologis,USD
PRU,Prudential Financial,USD
PEG,Public Service Enterprise Group,USD
PTC,PTC Inc.,USD
PSA,Public Storage,USD
PHM,PulteGroup,USD
PWR,Quanta Services,USD
QCOM,Qualcomm,USD
DGX,Quest Diagnostics,USD
Q,Qnity Electronics,USD
RL,Ralph Lauren Corporation,USD
RJF,Raymond James Financial,USD
RTX,RTX Corporation,USD
O,Realty Income,USD
REG,Regency Centers,USD
REGN,Regeneron Pharmaceuticals,USD
RF,Regions Financial Corporation,USD
RSG,Republic Services,USD
RMD,ResMed,USD
RVTY,Revvity,USD
HOOD,Robinhood Markets,USD
ROK,Rockwell Automation,USD
ROL,"Rollins, Inc.",USD
ROP,Roper Technologies,USD
ROST,Ross Stores,USD
RCL,Royal Caribbean Group,USD
SPGI,S&P Global,USD
CRM,Salesforce,USD
SNDK,Sandisk,USD
SBAC,SBA Communications,USD
SLB,Schlumberger,USD
STX,Seagate Technology,USD
SRE,Sempra,USD
NOW,ServiceNow,USD
SHW,Sherwin-Williams,USD
SPG,Simon Property Group,USD
SWKS,Skyworks Solutions,USD
SJM,J.M. Smucker Company (The),USD
SW,Smurfit Westrock,USD
SNA,Snap-on,USD
SOLV,Solventum,USD
SO,Southern Company,USD
LUV,Southwest Airlines,USD
SWK,Stanley Black & Decker,USD
SBUX,Starbucks,USD
STT,State Street Corporation,USD
STLD,Steel Dynamics,USD
STE,Steris,USD
SYK,Stryker Corporation,USD
SMCI,Supermicro,USD
SYF,Synchrony Financial,USD
SNPS,Synopsys,USD
SYY,Sysco,USD
TMUS,T-Mobile US,USD
TROW,T. Rowe Price,USD
TTWO,Take-Two Interactive,USD
TPR,"Tapestry, Inc.",USD
TRGP,Targa Resources,USD
TGT,Target Corporation,USD
TEL,TE Connectivity,USD
TDY,Teledyne Technologies,USD
TER,Teradyne,USD
TSLA,"Tesla, Inc.",USD
TXN,Texas Instruments,USD
TPL,Texas Pacific Land Corporation,USD
TXT,Textron,USD
TMO,Thermo Fisher Scientific,USD
TJX,TJX Companies,USD
TKO,TKO Group Holdings,USD
TTD,Trade Desk (The),USD
TSCO,Tractor Supply,USD
TT,Trane Technologies,USD
TDG,TransDigm Group,USD
TRV,Travelers Companies (The),USD
TRMB,Trimble Inc.,USD
TFC,Truist Financial,USD
TYL,Tyler Technologies,USD
TSN,Tyson Foods,USD
USB,U.S. Bancorp,USD
UBER,Uber,USD
UDR,"UDR, Inc.",USD
ULTA,Ulta Beauty,USD
UNP,Union Pacific Corporation,USD
UAL,United Airlines Holdings,USD
UPS,United Parcel Service,USD
URI,United Rentals,USD
UNH,UnitedHealth Group,USD
UHS,Universal Health Services,USD
VLO,Valero Energy,USD
VEEV,Veeva Systems,USD
VTR,Ventas,USD
VLTO,Veralto,USD
VRSN,Verisign,USD
VRSK,Verisk Analytics,USD
VZ,Verizon,USD
VRTX,Vertex Pharmaceuticals,USD
VRT,Vertiv,USD
VTRS,Viatris,USD
VICI,Vici Properties,USD
V,Visa Inc.,USD
VST,Vistra Corp.,USD
VMC,Vulcan Materials Company,USD
WRB,W. R. Berkley Corporation,USD
GWW,W. W. Grainger,USD
WAB,Wabtec,USD
WMT,Walmart,USD
DIS,Walt Disney Company (The),USD
WBD,Warner Bros. Discovery,USD
WM,Waste Management,USD
WAT,Waters Corporation,USD
WEC,WEC Energy Group,USD
WFC,Wells Fargo,USD
WELL,Welltower,USD
WST,West Pharmaceutical Services,USD
WDC,Western Digital,USD
WY,Weyerhaeuser,USD
WSM,"Williams-Sonoma, Inc.",USD
WMB,Williams Companies,USD
WTW,Willis Towers Watson,USD
WDAY,"Workday, Inc.",USD
WYNN,Wynn Resorts,USD
XEL,Xcel Energy,USD
XYL,Xylem Inc.,USD
YUM,Yum! Brands,USD
ZBRA,Zebra Technologies,USD
ZBH,Zimmer Biomet,USD
ZTS,Zoetis,USD
005930,삼성전자,KRW
000660,SK하이닉스,KRW
402340,SK스퀘어,KRW
005935,삼성전자우,KRW
009150,삼성전기,KRW
005380,현대차,KRW
032830,삼성생명,KRW
373220,LG에너지솔루션,KRW
028260,삼성물산,KRW
329180,HD현대중공업,KRW
207940,삼성바이오로직스,KRW
034020,두산에너빌리티,KRW
000270,기아,KRW
012450,한화에어로스페이스,KRW
105560,KB금융,KRW
012330,현대모비스,KRW
034730,SK,KRW
055550,신한지주,KRW
006400,삼성SDI,KRW
042660,한화오션,KRW
267260,HD현대일렉트릭,KRW
010120,LS ELECTRIC,KRW
068270,셀트리온,KRW
035420,NAVER,KRW
298040,효성중공업,KRW
066570,LG전자,KRW
086790,하나금융지주,KRW
000810,삼성화재,KRW
009540,HD한국조선해양,KRW
005490,POSCO홀딩스,KRW
042700,한미반도체,KRW
006800,미래에셋증권,KRW
011070,LG이노텍,KRW
000150,두산,KRW
010130,고려아연,KRW
015760,한국전력,KRW
010140,삼성중공업,KRW
051910,LG화학,KRW
316140,우리금융지주,KRW
064350,현대로템,KRW
017670,SK텔레콤,KRW
011200,HMM,KRW
079550,LIG디펜스앤에어로스페이스,KRW
033780,KT&G,KRW
267250,HD현대,KRW
307950,현대오토에버,KRW
138040,메리츠금융지주,KRW
003670,포스코퓨처엠,KRW
096770,SK이노베이션,KRW
272210,한화시스템,KRW
024110,기업은행,KRW
035720,카카오,KRW
086280,현대글로비스,KRW
003550,LG,KRW
018260,삼성에스디에스,KRW
278470,에이피알,KRW
000720,현대건설,KRW
047810,한국항공우주,KRW
030200,KT,KRW
071050,한국금융지주,KRW
006260,LS,KRW
010950,S-Oil,KRW
005940,NH투자증권,KRW
259960,크래프톤,KRW
016360,삼성증권,KRW
323410,카카오뱅크,KRW
003490,대한항공,KRW
443060,HD현대마린솔루션,KRW
047050,포스코인터내셔널,KRW
352820,하이브,KRW
028050,삼성E&A,KRW
005830,DB손해보험,KRW
039490,키움증권,KRW
047040,대우건설,KRW
007660,이수페타시스,KRW
005387,현대차2우B,KRW
064400,LG씨엔에스,KRW
003230,삼양식품,KRW
161390,한국타이어앤테크놀로지,KRW
000880,한화,KRW
180640,한진칼,KRW
353200,대덕전자,KRW
001440,대한전선,KRW
062040,산일전기,KRW
326030,SK바이오팜,KRW
000990,DB하이텍,KRW
034220,LG디스플레이,KRW
004170,신세계,KRW
454910,두산로보틱스,KRW
267270,HD건설기계,KRW
009830,한화솔루션,KRW
078930,GS,KRW
241560,두산밥캣,KRW
032640,LG유플러스,KRW
021240,코웨이,KRW
090430,아모레퍼시픽,KRW
000100,유한양행,KRW
036570,NC,KRW
377300,카카오페이,KRW
011790,SKC,KRW
029780,삼성카드,KRW
005385,현대차우,KRW
000500,가온전선,KRW
138930,BNK금융지주,KRW
271560,오리온,KRW
128940,한미약품,KRW
066970,엘앤에프,KRW
001040,CJ,KRW
088980,맥쿼리인프라,KRW
082740,한화엔진,KRW
023530,롯데쇼핑,KRW
175330,JB금융지주,KRW
010060,OCI홀딩스,KRW
052690,한전기술,KRW
085620,미래에셋생명,KRW
018880,한온시스템,KRW
088350,한화생명,KRW
002380,KCC,KRW
004020,현대제철,KRW
336260,두산퓨얼셀,KRW
069960,현대백화점,KRW
022100,포스코DX,KRW
103590,일진전기,KRW
450080,에코프로머티,KRW
051900,LG생활건강,KRW
012510,더존비즈온,KRW
111770,영원무역,KRW
489790,한화비전,KRW
251270,넷마블,KRW
011170,롯데케미칼,KRW
001450,현대해상,KRW
035250,강원랜드,KRW
036460,한국가스공사,KRW
004800,효성,KRW
011780,금호석유화학,KRW
383220,F&F,KRW
031210,서울보증보험,KRW
014680,한솔케미칼,KRW
005850,에스엘,KRW
204320,HL만도,KRW
302440,SK바이오사이언스,KRW
017800,현대엘리베이터,KRW
001720,신영증권,KRW
097950,CJ제일제당,KRW
375500,DL이앤씨,KRW
007810,코리아써키트,KRW
279570,케이뱅크,KRW
028670,팬오션,KRW
139130,iM금융지주,KRW
012750,에스원,KRW
483650,달바글로벌,KRW
009420,한올바이오파마,KRW
020150,롯데에너지머티리얼즈,KRW
004990,롯데지주,KRW
026960,동서,KRW
007340,DN오토모티브,KRW
457190,이수스페셜티케미컬,KRW
139480,이마트,KRW
003690,코리안리,KRW
000240,한국앤컴퍼니,KRW
009155,삼성전기우,KRW
009970,영원무역홀딩스,KRW
439260,대한조선,KRW
071970,HD현대마린엔진,KRW
006360,GS건설,KRW
051600,한전KPS,KRW
030000,제일기획,KRW
004370,농심,KRW
081660,미스토홀딩스,KRW
008770,호텔신라,KRW
000155,두산우,KRW
005440,현대지에프홀딩스,KRW
001740,SK네트웍스,KRW
00680K,미래에셋증권2우B,KRW
161890,한국콜마,KRW
008930,한미사이언스,KRW
097230,HJ중공업,KRW
018670,SK가스,KRW
103140,풍산,KRW
011210,현대위아,KRW
282330,BGF리테일,KRW
462870,시프트업,KRW
007070,GS리테일,KRW
120110,코오롱인더,KRW
229640,LS에코에너지,KRW
000120,CJ대한통운,KRW
093370,후성,KRW
192820,코스맥스,KRW
395400,SK리츠,KRW
112610,씨에스윈드,KRW
001820,삼화콘덴서,KRW
002790,아모레퍼시픽홀딩스,KRW
281820,케이씨텍,KRW
001800,오리온홀딩스,KRW
023590,다우기술,KRW
017960,한국카본,KRW
322000,HD현대에너지솔루션,KRW
361610,SK아이이테크놀로지,KRW
020560,아시아나항공,KRW
475150,SK이터닉스,KRW
001430,세아베스틸지주,KRW
006280,녹십자,KRW
006040,동원산업,KRW
005070,코스모신소재,KRW
001120,LX인터내셔널,KRW
003540,대신증권,KRW
069620,대웅제약,KRW
192080,더블유게임즈,KRW
077970,STX엔진,KRW
073240,금호타이어,KRW
032350,롯데관광개발,KRW
294870,IPARK현대산업개발,KRW
003570,SNT다이내믹스,KRW
034230,파라다이스,KRW
000815,삼성화재우,KRW
298020,효성티앤씨,KRW
007310,오뚜기,KRW
181710,NHN,KRW
195870,해성디에스,KRW
066575,LG전자우,KRW
012630,HDC,KRW
051915,LG화학우,KRW
415640,KB발해인프라,KRW
004000,롯데정밀화학,KRW
030610,교보증권,KRW
082640,동양생명,KRW
003530,한화투자증권,KRW
000080,하이트진로,KRW
089860,롯데렌탈,KRW
330590,롯데리츠,KRW
000210,DL,KRW
300720,한일시멘트,KRW
003090,대웅,KRW
100090,SK오션플랜트,KRW
003240,태광산업,KRW
009450,경동나비엔,KRW
185750,종근당,KRW
057050,현대홈쇼핑,KRW
003470,유안타증권,KRW
005300,롯데칠성,KRW
071055,한국금융지주우,KRW
280360,롯데웰푸드,KRW
365550,ESR켄달스퀘어리츠,KRW
456040,OCI,KRW
451800,한화리츠,KRW
192400,쿠쿠홀딩스,KRW
006340,대원전선,KRW
248070,솔루엠,KRW
090460,비에이치,KRW
000670,영풍,KRW
298050,HS효성첨단소재,KRW
075580,세진중공업,KRW
137310,에스디바이오센서,KRW
499790,GS피앤엘,KRW
030190,NICE평가정보,KRW
006650,대한유화,KRW
005690,파미셀,KRW
071320,지역난방공사,KRW
036530,SNT홀딩스,KRW
004490,세방전지,KRW
000370,한화손해보험,KRW
009240,한샘,KRW
006120,SK디스커버리,KRW
484870,엠앤씨솔루션,KRW
003850,보령,KRW
003160,디아이,KRW
006110,삼아알미늄,KRW
336370,솔루스첨단소재,KRW
214320,이노션,KRW
064960,SNT모티브,KRW
285130,SK케미칼,KRW
108320,LX세미콘,KRW
00088K,한화3우B,KRW
079160,CJ CGV,KRW
025540,한국단자,KRW
079900,전진건설로봇,KRW
114090,GKL,KRW
010780,아이에스동서,KRW
00104K,CJ4우(전환),KRW
005090,SGC에너지,KRW
033240,자화전자,KRW
100840,SNT에너지,KRW
002350,넥센타이어,KRW
002020,코오롱,KRW
001510,SK증권,KRW
069260,TKG휴켐스,KRW
093050,LF,KRW
005880,대한해운,KRW
293940,신한알파리츠,KRW
317450,명인제약,KRW
002960,한국쉘석유,KRW
001570,금양,KRW
001270,부국증권,KRW
178920,PI첨단소재,KRW
001060,JW중외제약,KRW
007700,F&F홀딩스,KRW
008060,대덕,KRW
006380,카프로,KRW
003620,KG모빌리티,KRW
005180,빙그레,KRW
001680,대상,KRW
383800,LX홀딩스,KRW
014820,동원시스템즈,KRW
249420,일동제약,KRW
017940,E1,KRW
000400,롯데손해보험,KRW
002840,미원상사,KRW
016380,KG스틸,KRW
001500,현대차증권,KRW
039130,하나투어,KRW
453340,현대그린푸드,KRW
094800,맵스리얼티,KRW
005389,현대차3우B,KRW
000640,동아쏘시오홀딩스,KRW
268280,미원에스씨,KRW
004710,한솔테크닉스,KRW
005810,풍산홀딩스,KRW
003030,세아제강지주,KRW
058650,세아홀딩스,KRW
161000,애경케미칼,KRW
003300,한일홀딩스,KRW
017900,광전자,KRW
009410,태영건설,KRW
002240,고려제강,KRW
003545,대신증권우,KRW
005250,녹십자홀딩스,KRW
010690,화신,KRW
284740,쿠쿠홈시스,KRW
448730,삼성FN리츠,KRW
031430,신세계인터내셔날,KRW
452260,한화갤러리아,KRW
377740,바이오노트,KRW
001530,DI동일,KRW
020000,한섬,KRW
005420,코스모화학,KRW
005945,NH투자증권우,KRW
460860,동국제강,KRW
019170,신풍제약,KRW
001200,유진투자증권,KRW
014830,유니드,KRW
381970,케이카,KRW
271940,일진하이솔루스,KRW
008730,율촌화학,KRW
145990,삼양사,KRW
403550,쏘카,KRW
003000,부광약품,KRW
009900,명신산업,KRW
016610,DB증권,KRW
034310,NICE,KRW
072710,농심홀딩스,KRW
000070,삼양홀딩스,KRW
003280,흥아해운,KRW
004690,삼천리,KRW
011930,신성이엔지,KRW
130660,한전산업,KRW
092790,넥스틸,KRW
217590,티엠씨,KRW
029530,신도리코,KRW
417310,코람코더원리츠,KRW
004700,조광피혁,KRW
015360,INVENI,KRW
357120,코람코라이프인프라리츠,KRW
950210,프레스티지바이오파마,KRW
006405,삼성SDI우,KRW
006220,제주은행,KRW
060980,HL홀딩스,KRW
016590,신대양제지,KRW
000157,두산2우B,KRW
027410,BGF,KRW
089590,제주항공,KRW
306200,세아제강,KRW
145720,덴티움,KRW
02826K,삼성물산우B,KRW
002030,아세아,KRW
105840,우진,KRW
002810,삼영무역,KRW
012030,DB,KRW
344820,KCC글라스,KRW
090435,아모레퍼시픽우,KRW
017810,풀무원,KRW
183190,아세아시멘트,KRW
097520,엠씨넥스,KRW
192650,드림텍,KRW
005950,이수화학,KRW
029460,케이씨,KRW
010820,퍼스텍,KRW
092230,KPX홀딩스,KRW
015860,일진홀딩스,KRW
105630,한세실업,KRW
001940,KISCO홀딩스,KRW
194370,제이에스코퍼레이션,KRW
005610,삼립,KRW
170900,동아에스티,KRW
091810,트리니티항공,KRW
058430,포스코스틸리온,KRW
126560,현대퓨처넷,KRW
200880,서연이화,KRW
126720,수산인더스트리,KRW
104700,한국철강,KRW
002710,TCC스틸,KRW
005720,넥센,KRW
011760,현대코퍼레이션,KRW
007690,국도화학,KRW
272450,진에어,KRW
002310,아세아제지,KRW
025860,남해화학,KRW
018250,애경산업,KRW
034830,한국토지신탁,KRW
001390,KG케미칼,KRW
001230,동국홀딩스,KRW
016800,퍼시스,KRW
084010,대한제강,KRW
084690,대상홀딩스,KRW
108670,LX하우시스,KRW
009290,광동제약,KRW
005680,삼영전자,KRW
286940,롯데이노베이트,KRW
033270,유나이티드제약,KRW
298000,효성화학,KRW
009160,SIMPAC,KRW
123890,한국자산신탁,KRW
096760,JW홀딩스,KRW
000430,대원강업,KRW
017390,서울가스,KRW
024720,콜마홀딩스,KRW
037710,광주신세계,KRW
001340,PKC,KRW
002900,TYM,KRW
003720,삼영,KRW
078520,에이블씨엔씨,KRW
000650,천일고속,KRW
004310,현대약품,KRW
003120,일성아이에스,KRW
900140,엘브이엠씨홀딩스,KRW
005430,한국공항,KRW
001750,한양증권,KRW
003960,사조대림,KRW
004360,세방,KRW
092200,디아이씨,KRW
005500,삼진제약,KRW
002320,한진,KRW
003920,남양유업,KRW
005010,휴스틸,KRW
122900,아이마켓코리아,KRW
003070,코오롱글로벌,KRW
03473K,SK우,KRW
404990,신한서부티엔디리츠,KRW
011500,한농화성,KRW
244920,에이플러스에셋,KRW
004430,송원산업,KRW
026890,스틱인베스트먼트,KRW
334890,이지스밸류플러스리츠,KRW
003200,일신방직,KRW
001250,GS글로벌,KRW
000680,LS네트웍스,KRW
000320,노루홀딩스,KRW
017860,DS단석,KRW
009470,삼화전기,KRW
348950,제이알글로벌리츠,KRW
037270,YG PLUS,KRW
006805,미래에셋증권우,KRW
034120,SBS,KRW
088260,이리츠코크렙,KRW
475560,더본코리아,KRW
000050,경방,KRW
134380,미원화학,KRW
000480,CR홀딩스,KRW
000540,흥국화재,KRW
000490,대동,KRW
044450,KSS해운,KRW
003520,영진약품,KRW
025000,KPX케미칼,KRW
028100,동아지질,KRW
136490,선진,KRW
128820,대성산업,KRW
010955,S-Oil우,KRW
001460,BYC,KRW
210980,SK디앤디,KRW
025560,미래산업,KRW
009680,모토닉,KRW
007160,사조산업,KRW
013890,지누스,KRW
003650,미창석유,KRW
033920,무학,KRW
030210,다올투자증권,KRW
053210,스카이라이프,KRW
008490,서흥,KRW
226320,잇츠한불,KRW
051905,LG생활건강우,KRW
004980,성신양회,KRW
053690,한미글로벌,KRW
035150,백산,KRW
010580,에스엠벡셀,KRW
001790,대한제당,KRW
001630,종근당홀딩스,KRW
003555,LG우,KRW
039570,HDC랩스,KRW
241590,화승엔터프라이즈,KRW
432320,KB스타리츠,KRW
035510,신세계 I&C,KRW
007860,서연,KRW
339770,교촌에프앤비,KRW
003547,대신증권2우B,KRW
003220,대원제약,KRW
487570,HS효성,KRW
004560,현대비앤지스틸,KRW
095570,AJ네트웍스,KRW
016580,환인제약,KRW
001130,대한제분,KRW
298690,에어부산,KRW
102260,동성케미컬,KRW
117580,대성에너지,KRW
100250,진양홀딩스,KRW
000140,하이트진로홀딩스,KRW
377190,디앤디플랫폼리츠,KRW
001780,알루코,KRW
004380,삼익THK,KRW
003610,방림,KRW
102460,이연제약,KRW
033530,SJG세종,KRW
002100,경농,KRW
003350,한국화장품제조,KRW
234080,JW생명과학,KRW
003460,유화증권,KRW
002150,도화엔지니어링,KRW
000390,SP삼화,KRW
000300,DH오토넥스,KRW
462520,조선내화,KRW
013580,계룡건설,KRW
016450,한세예스24홀딩스,KRW
001080,만호제강,KRW
400760,NH올원리츠,KRW
001045,CJ우,KRW
000860,강남제비스코,KRW
044820,코스맥스비티아이,KRW
016880,웅진,KRW
101530,해태제과식품,KRW
084680,이월드,KRW
012610,경인양행,KRW
097955,CJ제일제당 우,KRW
031440,신세계푸드,KRW
002170,SYTS,KRW
213500,한솔제지,KRW
077500,유니퀘스트,KRW
293480,하나제약,KRW
015230,대창단조,KRW
011785,금호석유화학우,KRW
002990,금호건설,KRW
071840,롯데하이마트,KRW
037560,LG헬로비전,KRW
271980,제일약품,KRW
000970,한국주철관,KRW
007570,일양약품,KRW
090350,노루페인트,KRW
460850,동국씨엠,KRW
011690,와이투솔루션,KRW
025820,이구산업,KRW
008350,남선알미늄,KRW
000520,삼일제약,KRW
012200,계양전기,KRW
000700,유수홀딩스,KRW
003830,대한화섬,KRW
004970,신라교역,KRW
092220,KEC,KRW
011280,태림포장,KRW
006060,화승인더,KRW
008970,KBI동양철관,KRW
081000,일진다이아,KRW
004090,한국석유,KRW
000020,동화약품,KRW
005960,동부건설,KRW
004150,한솔홀딩스,KRW
00279K,아모레퍼시픽홀딩스3우C,KRW
094280,효성ITX,KRW
003480,한진중공업홀딩스,KRW
018470,조일알미늄,KRW
015890,태경산업,KRW
012320,경동인베스트,KRW
317400,자이에스앤디,KRW
002220,한일철강,KRW
002460,HS화성,KRW
001360,삼성제약,KRW
014710,사조씨푸드,KRW
017550,수산세보틱스,KRW
272550,삼양패키징,KRW
010100,한국무브넥스,KRW
013520,화승코퍼레이션,KRW
004080,신흥,KRW
089470,HDC현대EP,KRW
009070,KCTC,KRW
107590,미원홀딩스,KRW
210540,디와이파워,KRW
078000,텔코웨어,KRW
350520,이지스레지던스리츠,KRW
214390,경보제약,KRW
002780,진흥기업,KRW
079430,현대리바트,KRW
024090,디씨엠,KRW
214420,토니모리,KRW
009270,신원,KRW
004960,한신공영,KRW
014280,금강공업,KRW
019180,티에이치엔,KRW
016740,두올,KRW
001520,동양,KRW
008040,사조동아원,KRW
007540,샘표,KRW
005800,신영와코루,KRW
070960,모나용평,KRW
016710,대성홀딩스,KRW
035000,HS애드,KRW
020120,키다리스튜디오,KRW
267290,경동도시가스,KRW
034590,인천도시가스,KRW
004250,NPC,KRW
002620,제일파마홀딩스,KRW
027970,한국제지,KRW
120030,조선선재,KRW
015590,DKME,KRW
012800,대창,KRW
083420,그린케미칼,KRW
014580,태경비케이,KRW
014530,극동유화,KRW
011810,STX,KRW
021820,세원정공,KRW
025620,차AI헬스케어,KRW
002450,삼익악기,KRW
004100,태양금속,KRW
227840,현대코퍼레이션홀딩스,KRW
002390,한독,KRW
009580,무림P&P,KRW
123690,한국화장품,KRW
007210,벽산,KRW
023450,동남합성,KRW
013570,디와이,KRW
264900,크라운제과,KRW
37550L,DL이앤씨2우(전환),KRW
267850,아시아나IDT,KRW
119650,KC코트렐,KRW
248170,샘표식품,KRW
014790,HL D&I,KRW
33626K,두산퓨얼셀1우,KRW
058850,KTcs,KRW
001290,상상인증권,KRW
036420,콘텐트리중앙,KRW
084670,동양고속,KRW
001275,부국증권우,KRW
002210,동성제약,KRW
067830,세이브존I&C,KRW
078935,GS우,KRW
004140,동방,KRW
008700,아남전자,KRW
011700,한신기계,KRW
007610,선도전기,KRW
036580,팜스코,KRW
014440,영보화학,KRW
058860,KTis,KRW
032560,황금에스티,KRW
006660,삼성공조,KRW
109070,주성코퍼레이션,KRW
007110,일신석재,KRW
023800,인지컨트롤스,KRW
004890,동일산업,KRW
363280,티와이홀딩스,KRW
008260,NI스틸,KRW
023000,삼원강재,KRW
017370,우신시스템,KRW
005740,크라운해태홀딩스,KRW
063160,종근당바이오,KRW
014160,대영포장,KRW
139990,아주스틸,KRW
000590,CS홀딩스,KRW
019680,대교,KRW
163560,동일고무벨트,KRW
006840,AK홀딩스,KRW
013360,일성건설,KRW
002600,조흥,KRW
007980,TP,KRW
002700,신일전자,KRW
004840,DRB동일,KRW
002200,한국수출포장,KRW
007815,코리아써우,KRW
009190,대양금속,KRW
001470,삼부토건,KRW
007590,동방아그로,KRW
009180,한솔로지스틱스,KRW
000230,일동홀딩스,KRW
001260,남광토건,KRW
055490,테이팩스,KRW
003580,HLB글로벌,KRW
001020,페이퍼코리아,KRW
010960,삼호개발,KRW
111380,동인기연,KRW
000105,유한양행우,KRW
096775,SK이노베이션우,KRW
006090,사조오양,KRW
013870,지엠비코리아,KRW
085310,엔케이,KRW
011230,삼화전자,KRW
35320K,대덕전자1우,KRW
000180,성창기업지주,KRW
069730,DSR제강,KRW
002720,국제약품,KRW
011150,CJ씨푸드,KRW
001560,제일연마,KRW
005870,휴니드,KRW
095720,웅진씽크빅,KRW
013700,까뮤이앤씨,KRW
000850,화천기공,KRW
006890,태경케미컬,KRW
005750,대림바스,KRW
058730,다스코,KRW
018500,동원금속,KRW
338100,NH프라임리츠,KRW
100220,비상교육,KRW
101140,인바이오젠,KRW
031820,아이티센씨티에스,KRW
079980,휴비스,KRW
003925,남양유업우,KRW
120115,코오롱인더우,KRW
016090,대현,KRW
000220,유유제약,KRW
007460,에이프로젠,KRW
004720,팜젠사이언스,KRW
009770,삼정펄프,KRW
155660,DSR,KRW
003780,진양산업,KRW
071090,하이스틸,KRW
002795,아모레퍼시픽홀딩스우,KRW
010040,한국내화,KRW
014910,성문전자,KRW
010660,화천기계,KRW
011000,진원생명과학,KRW
024900,디와이덕양,KRW
068290,삼성출판사,KRW
072130,유엔젤,KRW
009200,무림페이퍼,KRW
129260,인터지스,KRW
111110,호전실업,KRW
003010,혜인,KRW
012690,모나리자,KRW
396690,미래에셋글로벌리츠,KRW
000890,보해양조,KRW
006880,신송홀딩스,KRW
007280,한국특강,KRW
010770,평화홀딩스,KRW
004440,삼일씨엔에스,KRW
004770,써니전자,KRW
092440,기신정기,KRW
000725,현대건설우,KRW
378850,화승알앤에이,KRW
004540,깨끗한나라,KRW
001550,조비,KRW
004830,덕성,KRW
004450,삼화왕관,KRW
004060,SG세계물산,KRW
021050,서원,KRW
005305,롯데칠성우,KRW
002760,보락,KRW
075180,새론오토모티브,KRW
372910,한컴라이프케어,KRW
214330,금호에이치티,KRW
002410,범양건영,KRW
003475,유안타증권우,KRW
006980,우성,KRW
001620,케이비아이동국실업,KRW
025530,SJM홀딩스,KRW
37550K,DL이앤씨우,KRW
003465,유화증권우,KRW
092780,DYP,KRW
123700,SJM,KRW
002630,오리엔트바이오,KRW
009835,한화솔루션우,KRW
020760,일진디스플,KRW
001465,BYC우,KRW
011390,부산산업,KRW
023810,인팩,KRW
480370,씨케이솔루션,KRW
004920,씨아이테크,KRW
023350,한국종합기술,KRW
000910,유니온,KRW
002140,고려산업,KRW
041650,상신브레이크,KRW
006125,SK디스커버리우,KRW
069460,대호에이엘,KRW
28513K,SK케미칼우,KRW
004910,조광페인트,KRW
006370,대구백화점,KRW
047400,유니온머티리얼,KRW
090080,평화산업,KRW
357250,미래에셋맵스리츠,KRW
005030,부산주공,KRW
074610,이엔플러스,KRW
009320,아진전자부품,KRW
008420,문배철강,KRW
026940,부국철강,KRW
003080,SB성보,KRW
002920,유성기업,KRW
051630,진양화학,KRW
017180,명문제약,KRW
093240,형지엘리트,KRW
000950,전방,KRW
023960,에쓰씨엔지니어링,KRW
019490,엑시큐어하이트론,KRW
008870,금비,KRW
017040,광명전기,KRW
004870,티웨이홀딩스,KRW
006490,프리티,KRW
133820,화인베스틸,KRW
009140,경인전자,KRW
004410,서울식품,KRW
011420,갤럭시아에스엠,KRW
011300,우성머티리얼스,KRW
006345,대원전선우,KRW
000215,DL우,KRW
481850,신한글로벌액티브리츠,KRW
005320,온타이드,KRW
007120,미래아이앤지,KRW
134790,시디즈,KRW
013000,세우글로벌,KRW
049800,우진플라임,KRW
145270,케이탑리츠,KRW
084870,TBH글로벌,KRW
014990,인디에프,KRW
011330,유니켐,KRW
012280,영화금속,KRW
002880,디와이에이,KRW
004365,세방우,KRW
027740,마니커,KRW
010640,진양폴리,KRW
000760,이화산업,KRW
003535,한화투자증권우,KRW
002870,신풍,KRW
002420,세기상사,KRW
005820,원림,KRW
001380,SG글로벌,KRW
001210,금호전기,KRW
33637K,솔루스첨단소재1우,KRW
001070,대한방직,KRW
025750,한솔홈데코,KRW
003060,에이프로젠바이오로직스,KRW
023150,MH에탄올,KRW
308170,씨티알모빌리티,KRW
008250,이건산업,KRW
088790,진도,KRW
012160,영흥,KRW
006570,대림통상,KRW
009460,한창제지,KRW
024070,WISCOM,KRW
010400,우진아이엔에스,KRW
003680,한성기업,KRW
090370,메타랩스,KRW
002025,코오롱우,KRW
009810,플레이그램,KRW
019175,신풍제약우,KRW
002690,동일제강,KRW
014130,한익스프레스,KRW
030720,동원수산,KRW
000040,KR모터스,KRW
005110,한창,KRW
015260,에이엔피,KRW
006740,블루산업개발,KRW
024890,대원화성,KRW
33626L,두산퓨얼셀2우B,KRW
002355,넥센타이어1우B,KRW
143210,핸즈코퍼레이션,KRW
033250,체시스,KRW
004270,남성,KRW
003495,대한항공우,KRW
002820,SUN&L,KRW
118000,메타케어,KRW
069640,한세엠케이,KRW
005360,모나미,KRW
446070,유니드비티플러스,KRW
008775,호텔신라우,KRW
025890,한국주강,KRW
009310,참엔지니어링,KRW
071950,코아스,KRW
006200,한국전자홀딩스,KRW
012170,아센디오,KRW
002360,SH에너지화학,KRW
015020,이스타코,KRW
00781K,코리아써키트2우B,KRW
001685,대상우,KRW
00499K,롯데지주우,KRW
357430,마스턴프리미어리츠,KRW
001420,태원물산,KRW
011090,에넥스,KRW
008600,윌비스,KRW
009440,KC그린홀딩스,KRW
044380,주연테크,KRW
465770,STX그린로지스,KRW
005257,녹십자홀딩스2우,KRW
108675,LX하우시스우,KRW
005725,넥센우,KRW
002070,비비안,KRW
18064K,한진칼우,KRW
00806K,대덕1우,KRW
45226K,한화갤러리아우,KRW
000087,하이트진로2우B,KRW
001795,대한제당우,KRW
001770,SHD,KRW
019685,대교우B,KRW
145995,삼양사우,KRW
084695,대상홀딩스우,KRW
38380K,LX홀딩스1우,KRW
004105,태양금속우,KRW
004255,NPC우,KRW
001755,한양증권우,KRW
003075,코오롱글로벌우,KRW
012205,계양전기우,KRW
145210,다이나믹디자인,KRW
001067,JW중외제약2우B,KRW
33637L,솔루스첨단소재2우B,KRW
001515,SK증권우,KRW
000225,유유제약1우,KRW
004985,성신양회우,KRW
001065,JW중외제약우,KRW
004835,덕성우,KRW
000325,노루홀딩스우,KRW
26490K,크라운제과우,KRW
090355,노루페인트우,KRW
009415,태영건설우,KRW
000145,하이트진로홀딩스우,KRW
000545,흥국화재우,KRW
014825,동원시스템즈우,KRW
008500,일정실업,KRW
005965,동부건설우,KRW
002995,금호건설우,KRW
014285,금강공업우,KRW
005745,크라운해태홀딩스우,KRW
36328K,티와이홀딩스우,KRW
000227,유유제약2우B,KRW
007575,일양약품우,KRW
004545,깨끗한나라우,KRW
001527,동양2우B,KRW
014915,성문전자우,KRW
008355,남선알미우,KRW
002785,진흥기업우B,KRW
001525,동양우,KRW
002787,진흥기업2우B,KRW
011155,CJ씨푸드1우,KRW
004415,서울식품우,KRW
196170,알테오젠,KRW
247540,에코프로비엠,KRW
086520,에코프로,KRW
277810,레인보우로보틱스,KRW
036930,주성엔지니어링,KRW
950160,코오롱티슈진,KRW
240810,원익IPS,KRW
058470,리노공업,KRW
028300,HLB,KRW
039030,이오테크닉스,KRW
000250,삼천당제약,KRW
298380,에이비엘바이오,KRW
440110,파두,KRW
141080,리가켐바이오,KRW
347850,디앤디파마텍,KRW
319660,피에스케이,KRW
087010,펩트론,KRW
403870,HPSP,KRW
222800,심텍,KRW
178320,서진시스템,KRW
108490,로보티즈,KRW
095340,ISC,KRW
080220,제주반도체,KRW
084370,유진테크,KRW
214370,케어젠,KRW
310210,보로노이,KRW
319400,현대무벡스,KRW
067310,하나마이크론,KRW
095610,테스,KRW
005290,동진쎄미켐,KRW
214450,파마리서치,KRW
214150,클래시스,KRW
145020,휴젤,KRW
064760,티씨케이,KRW
357780,솔브레인,KRW
043260,성호전자,KRW
131290,티에스이,KRW
226950,올릭스,KRW
131970,두산테스나,KRW
237690,에스티팜,KRW
010170,대한광통신,KRW
263750,펄어비스,KRW
032820,우리기술,KRW
031980,피에스케이홀딩스,KRW
290650,엘앤씨바이오,KRW
098460,고영,KRW
089030,테크윙,KRW
089970,브이엠,KRW
257720,실리콘투,KRW
183300,코미코,KRW
082920,비츠로셀,KRW
058610,에스피지,KRW
218410,RFHIC,KRW
035900,JYP Ent.,KRW
030530,원익홀딩스,KRW
083650,비에이치아이,KRW
140410,메지온,KRW
007390,네이처셀,KRW
068760,셀트리온제약,KRW
140860,파크시스템스,KRW
420770,기가비스,KRW
078600,대주전자재료,KRW
041510,에스엠,KRW
031330,에스에이엠티,KRW
060370,LS마린솔루션,KRW
096530,씨젠,KRW
039200,오스코텍,KRW
437730,삼현,KRW
323280,태성,KRW
475830,오름테라퓨틱,KRW
347700,스피어,KRW
101490,에스앤에스텍,KRW
166090,하나머티리얼즈,KRW
476830,알지노믹스,KRW
100790,미래에셋벤처투자,KRW
127120,제이에스링크,KRW
458870,씨어스,KRW
204270,제이앤티씨,KRW
090710,휴림로봇,KRW
232140,와이씨,KRW
099320,쎄트렉아이,KRW
417200,LS머트리얼즈,KRW
003380,하림지주,KRW
195940,HK이노엔,KRW
036540,SFA반도체,KRW
085660,차바이오텍,KRW
065350,신성델타테크,KRW
281740,레이크머티리얼즈,KRW
038500,삼표시멘트,KRW
083450,GST,KRW
388210,씨엠티엑스,KRW
161580,필옵틱스,KRW
491000,리브스메드,KRW
032500,케이엠더블유,KRW
189300,인텔리안테크,KRW
328130,루닛,KRW
137400,피엔티,KRW
074600,원익QnC,KRW
056190,에스에프에이,KRW
090360,로보스타,KRW
388720,유일로보틱스,KRW
445680,큐리옥스바이오시스템즈,KRW
397030,에이프릴바이오,KRW
213420,덕산네오룩스,KRW
126340,비나텍,KRW
252990,샘씨엔에스,KRW
115180,큐리언트,KRW
466100,클로봇,KRW
356860,티엘비,KRW
048410,현대바이오,KRW
122870,와이지엔터테인먼트,KRW
036830,솔브레인홀딩스,KRW
019210,와이지-원,KRW
490470,세미파이브,KRW
086450,동국제약,KRW
033100,제룡전기,KRW
014620,성광벤드,KRW
295310,에이치브이엠,KRW
293490,카카오게임즈,KRW
035760,CJ ENM,KRW
222080,씨아이에스,KRW
160190,하이젠알앤엠,KRW
094170,동운아나텍,KRW
023160,태광,KRW
033640,네패스,KRW
122640,예스티,KRW
053610,프로텍,KRW
358570,지아이이노베이션,KRW
027360,아주IB투자,KRW
439960,코스모로보틱스,KRW
052020,에스티큐브,KRW
102710,이엔에프테크놀로지,KRW
124500,아이티센글로벌,KRW
050890,쏠리드,KRW
032190,다우데이타,KRW
476060,온코닉테라퓨틱스,KRW
046890,서울반도체,KRW
033790,피노,KRW
456160,지투지바이오,KRW
253450,스튜디오드래곤,KRW
044490,태웅,KRW
383310,에코프로에이치엔,KRW
037460,삼지전자,KRW
241710,코스메카코리아,KRW
059090,미코,KRW
171090,선익시스템,KRW
121600,나노신소재,KRW
348370,엔켐,KRW
033160,엠케이전자,KRW
006730,서부T&D,KRW
376900,로킷헬스케어,KRW
056080,유진로봇,KRW
036810,에프에스티,KRW
052400,코나아이,KRW
365340,성일하이텍,KRW
102940,코오롱생명과학,KRW
041830,인바디,KRW
053800,안랩,KRW
330860,네패스아크,KRW
086900,메디톡스,KRW
225570,넥슨게임즈,KRW
425420,티에프이,KRW
041960,코미팜,KRW
064290,인텍플러스,KRW
174900,앱클론,KRW
009520,포스코엠텍,KRW
082270,젬백스,KRW
112040,위메이드,KRW
399720,가온칩스,KRW
077360,덕산하이메탈,KRW
104830,원익머트리얼즈,KRW
060250,NHN KCP,KRW
093320,케이아이엔엑스,KRW
033500,동성화인텍,KRW
389470,인벤티지랩,KRW
089890,코세스,KRW
348210,넥스틴,KRW
253590,네오셈,KRW
272290,이녹스첨단소재,KRW
015750,성우하이텍,KRW
045100,한양이엔지,KRW
067160,SOOP,KRW
348340,뉴로메카,KRW
170920,엘티씨,KRW
327260,RF머트리얼즈,KRW
376300,디어유,KRW
336570,원텍,KRW
278280,천보,KRW
035890,서희건설,KRW
214430,아이쓰리시스템,KRW
460930,현대힘스,KRW
230360,에코마케팅,KRW
486990,노타,KRW
475960,토모큐브,KRW
211050,인카금융서비스,KRW
089010,켐트로닉스,KRW
025980,아난티,KRW
052710,아모텍,KRW
101160,월덱스,KRW
241770,메카로,KRW
200470,에이팩트,KRW
099190,아이센스,KRW
368770,파이버프로,KRW
200710,에이디테크놀로지,KRW
356680,엑스게이트,KRW
039440,에스티아이,KRW
448900,한국피아이엠,KRW
034950,한국기업평가,KRW
030520,한글과컴퓨터,KRW
168360,펨트론,KRW
041190,우리기술투자,KRW
340570,티앤엘,KRW
042000,카페24,KRW
372320,큐로셀,KRW
251970,펌텍코리아,KRW
219130,타이거일렉,KRW
078130,국일제지,KRW
110990,디아이티,KRW
482630,삼양엔씨켐,KRW
079940,가비아,KRW
036620,감성코퍼레이션,KRW
290550,디케이티,KRW
024850,HLB이노베이션,KRW
160980,싸이맥스,KRW
018290,브이티,KRW
060280,큐렉소,KRW
199800,툴젠,KRW
025320,시노펙스,KRW
101930,인화정공,KRW
013030,하이록코리아,KRW
047920,HLB제약,KRW
067630,HLB생명과학,KRW
393890,더블유씨피,KRW
006910,보성파워텍,KRW
092190,서울바이오시스,KRW
215200,메가스터디교육,KRW
095660,네오위즈,KRW
114810,한솔아이원스,KRW
125490,한라캐스트,KRW
064260,다날,KRW
025900,동화기업,KRW
078160,메디포스트,KRW
204620,글로벌텍스프리,KRW
144960,뉴파워프라즈마,KRW
376270,HEM파마,KRW
484590,삼양컴텍,KRW
080580,오킨스전자,KRW
107640,한중엔시에스,KRW
287840,인투셀,KRW
119850,지엔씨에너지,KRW
493280,아이엠바이오로직스,KRW
003800,에이스침대,KRW
085910,네오티스,KRW
069080,웹젠,KRW
078350,한양디지텍,KRW
424870,이뮨온시아,KRW
265520,AP시스템,KRW
078020,LS증권,KRW
042520,한스바이오메드,KRW
468530,프로티나,KRW
049070,인탑스,KRW
394280,오픈엣지테크놀로지,KRW
455900,엔젤로보틱스,KRW
138080,오이솔루션,KRW
079370,제우스,KRW
206650,유바이오로직스,KRW
117730,티로보틱스,KRW
098070,한텍,KRW
254490,미래반도체,KRW
389650,넥스트바이오메디컬,KRW
389500,에스비비테크,KRW
187660,페니트리움바이오,KRW
215600,신라젠,KRW
417840,저스템,KRW
036200,유니셈,KRW
046970,우리로,KRW
084110,휴온스글로벌,KRW
091700,파트론,KRW
065680,우주일렉트로,KRW
069540,빛과전자,KRW
036890,진성티이씨,KRW
425040,티이엠씨,KRW
365270,큐라클,KRW
332570,PS일렉트로닉스,KRW
243070,휴온스,KRW
236200,슈프리마,KRW
064820,케이프,KRW
092870,엑시콘,KRW
441270,파인엠텍,KRW
230240,에치에프알,KRW
456010,아이씨티케이,KRW
234340,헥토파이낸셜,KRW
200670,휴메딕스,KRW
317330,덕산테코피아,KRW
228760,지노믹트리,KRW
445090,에이직랜드,KRW
452280,한선엔지니어링,KRW
159010,아스플로,KRW
061970,LB세미콘,KRW
314930,바이오다인,KRW
136480,하림,KRW
094360,칩스앤미디어,KRW
477850,마키나락스,KRW
092460,한라IMS,KRW
078340,컴투스,KRW
064850,에프앤가이드,KRW
354320,알멕,KRW
488900,비츠로넥스텍,KRW
086390,유니테스트,KRW
089980,상아프론테크,KRW
051500,CJ프레시웨이,KRW
035810,이지홀딩스,KRW
025770,한국정보통신,KRW
043150,바텍,KRW
378340,필에너지,KRW
042370,비츠로테크,KRW
352480,씨앤씨인터내셔널,KRW
241520,DSC인베스트먼트,KRW
450950,아스테라시스,KRW
452430,사피엔반도체,KRW
187870,디바이스,KRW
092730,네오팜,KRW
304360,에스바이오메딕스,KRW
060720,KH바텍,KRW
272110,케이엔제이,KRW
101730,위메이드맥스,KRW
309710,아이티켐,KRW
099430,바이오플러스,KRW
900290,GRT,KRW
035600,KG이니시스,KRW
114190,강원에너지,KRW
419530,SAMG엔터,KRW
182400,엔케이젠바이오텍코리아,KRW
389260,대명에너지,KRW
203650,드림시큐리티,KRW
023410,유진기업,KRW
298830,슈어소프트테크,KRW
151860,KG에코솔루션,KRW
054950,제이브이엠,KRW
018000,유니슨,KRW
043370,피에이치에이,KRW
322310,오로스테크놀로지,KRW
200130,콜마비앤에이치,KRW
472850,폰드그룹,KRW
121800,비덴트,KRW
036800,나이스정보통신,KRW
017890,한국알콜,KRW
475400,씨메스로보틱스,KRW
377460,큐에이드,KRW
036710,심텍홀딩스,KRW
041920,메디아나,KRW
215000,골프존,KRW
220100,퓨쳐켐,KRW
144510,지씨셀,KRW
065660,안트로젠,KRW
053030,바이넥스,KRW
267980,매일유업,KRW
950170,JTC,KRW
019010,베뉴지,KRW
051360,토비스,KRW
382900,범한퓨얼셀,KRW
194700,노바렉스,KRW
394420,리센스메디컬,KRW
078150,HB테크놀러지,KRW
355150,코스텍시스,KRW
014940,오리엔탈정공,KRW
112290,와이씨켐,KRW
091580,상신이디피,KRW
217730,강스템바이오텍,KRW
108860,셀바스AI,KRW
073490,LIG아큐버,KRW
448280,에코아이,KRW
149950,아바텍,KRW
058970,엠로,KRW
290690,소룩스,KRW
462350,이노스페이스,KRW
416180,신성에스티,KRW
206640,바디텍메드,KRW
125020,티씨머티리얼즈,KRW
251370,와이엠티,KRW
357550,석경에이티,KRW
065710,서호전기,KRW
439090,마녀공장,KRW
067390,아스트,KRW
084850,아이티엠반도체,KRW
180400,DXVX,KRW
036170,에이치엠넥스,KRW
461300,아이스크림미디어,KRW
098120,마이크로컨텍솔,KRW
093520,매커스,KRW
243840,신흥에스이씨,KRW
023760,한국캐피탈,KRW
100120,뷰웍스,KRW
045390,대아티아이,KRW
314130,지놈앤컴퍼니,KRW
095500,미래나노텍,KRW
094480,갤럭시아머니트리,KRW
036030,케이티알파,KRW
459510,나우로보틱스,KRW
308430,셀비온,KRW
094820,일진파워,KRW
012860,모베이스전자,KRW
115450,HLB테라퓨틱스,KRW
046120,오르비텍,KRW
084990,헬릭스미스,KRW
394800,쓰리빌리언,KRW
474650,링크솔루션,KRW
011560,세보엠이씨,KRW
318060,그래피,KRW
294570,쿠콘,KRW
018310,삼목에스폼,KRW
099440,스맥,KRW
126730,코칩,KRW
005710,대원산업,KRW
242040,나무기술,KRW
190510,나무가,KRW
054210,이랜텍,KRW
199820,제일일렉트릭,KRW
068930,디지털대성,KRW
353810,이지바이오,KRW
051370,인터플렉스,KRW
380540,옵티코어,KRW
013120,동원개발,KRW
052330,코텍,KRW
389020,자람테크놀로지,KRW
388790,라이콤,KRW
274090,켄코아에어로스페이스,KRW
478340,나라스페이스테크놀로지,KRW
338840,와이바이오로직스,KRW
123860,아나패스,KRW
446540,메가터치,KRW
464080,에스오에스랩,KRW
138610,나이벡,KRW
307180,아이엘,KRW
049630,재영솔루텍,KRW
179900,유티아이,KRW
126640,화신정공,KRW
481070,에이유브랜즈,KRW
012210,삼미금속,KRW
053300,한국정보인증,KRW
061090,세나테크놀로지,KRW
121440,골프존홀딩스,KRW
126600,BGF에코머티리얼즈,KRW
194480,데브시스터즈,KRW
032580,피델릭스,KRW
494120,큐리오시스,KRW
192440,슈피겐코리아,KRW
122990,와이솔,KRW
484120,도우인시스,KRW
119610,인터로조,KRW
036190,금화피에스시,KRW
214180,헥토이노베이션,KRW
082800,비보존 제약,KRW
067080,대화제약,KRW
092070,디엔에프,KRW
039830,오로라,KRW
457550,우진엔텍,KRW
016790,현대사료,KRW
432720,퀄리타스반도체,KRW
083930,아바코,KRW
484810,티엑스알로보틱스,KRW
304100,솔트룩스,KRW
083310,엘오티베큠,KRW
054450,텔레칩스,KRW
024840,KBI메탈,KRW
451760,컨텍,KRW
064550,바이오니아,KRW
036560,KZ정밀,KRW
034810,해성산업,KRW
382800,지앤비에스 에코,KRW
357880,SKAI,KRW
039840,디오,KRW
088800,에이스테크,KRW
237880,클리오,KRW
138360,앤로보틱스,KRW
256840,한국비엔씨,KRW
176750,듀켐바이오,KRW
108380,대양전기공업,KRW
101360,에코앤드림,KRW
405100,큐알티,KRW
066620,국보디자인,KRW
255220,SG,KRW
040350,크레오에스지,KRW
102120,어보브반도체,KRW
950140,잉글우드랩,KRW
109740,디에스케이,KRW
049430,코메론,KRW
042420,네오위즈홀딩스,KRW
489500,엘케이켐,KRW
163730,핑거,KRW
264450,유비쿼스,KRW
216080,제테마,KRW
126700,하이비젼시스템,KRW
143240,사람인,KRW
080160,모두투어,KRW
071200,인피니트헬스케어,KRW
402490,그린리소스,KRW
092130,이크레더블,KRW
086820,바이오솔루션,KRW
086670,비엠티,KRW
418550,제이오,KRW
372170,윤성에프앤씨,KRW
462860,더즌,KRW
245620,EDGC,KRW
056090,시지메드텍,KRW
270660,에브리봇,KRW
078070,유비쿼스홀딩스,KRW
119830,아이텍,KRW
232680,라온로보틱스,KRW
388050,지투파워,KRW
038390,레드캡투어,KRW
024800,유성티엔에스,KRW
402030,코난테크놀로지,KRW
306620,지아이에스,KRW
079960,동양이엔피,KRW
403850,더핑크퐁컴퍼니,KRW
488280,에스투더블유,KRW
066410,버킷스튜디오,KRW
418420,라온텍,KRW
046070,코다코,KRW
032620,GC메디아이,KRW
377450,리파인,KRW
452450,피아이이,KRW
123410,코리아에프티,KRW
118990,모트렉스,KRW
211270,AP위성,KRW
143160,아이디스,KRW
199430,케이엔알시스템,KRW
007330,푸른저축은행,KRW
041020,폴라리스오피스,KRW
011040,경동제약,KRW
072870,메가스터디,KRW
042600,새로닉스,KRW
048870,시너지이노베이션,KRW
146320,비씨엔씨,KRW
474170,루미르,KRW
371950,풍원정밀,KRW
046440,KG파이낸셜,KRW
039860,나노엔텍,KRW
023910,대한약품,KRW
024060,흥구석유,KRW
093190,빅솔론,KRW
123330,제닉,KRW
226590,엠디바이스,KRW
445180,퓨릿,KRW
469610,이노테크,KRW
140670,알에스오토메이션,KRW
060150,인선이엔티,KRW
104480,티케이케미칼,KRW
058820,CMG제약,KRW
083500,에프엔에스테크,KRW
361390,제노코,KRW
086980,쇼박스,KRW
264850,이랜시스,KRW
147830,제룡산업,KRW
036010,아비코전자,KRW
198440,강동씨앤엘,KRW
179290,엠아이텍,KRW
114840,아이패밀리에스씨,KRW
105330,케이엔더블유,KRW
106190,하이텍팜,KRW
067280,멀티캠퍼스,KRW
049960,쎌바이오텍,KRW
308080,바이젠셀,KRW
054800,아이디스홀딩스,KRW
458650,성우,KRW
267320,나인테크,KRW
234690,녹십자웰빙,KRW
023600,삼보판지,KRW
285490,노바텍,KRW
293580,나우IB,KRW
037350,성도이엔지,KRW
259630,엠플러스,KRW
005990,매일홀딩스,KRW
380550,뉴로핏,KRW
334970,프레스티지바이오로직스,KRW
049720,고려신용정보,KRW
073010,케이에스피,KRW
220260,켐트로스,KRW
260970,에스앤디,KRW
264660,씨앤지하이테크,KRW
053080,케이엔솔,KRW
125210,아모그린텍,KRW
051980,중앙첨단소재,KRW
047310,파워로직스,KRW
038290,마크로젠,KRW
204610,티쓰리,KRW
101970,우양에이치씨,KRW
297890,HB솔루션,KRW
299030,하나기술,KRW
282880,코윈테크,KRW
048550,SM C&C,KRW
005160,동국산업,KRW
142210,유니트론텍,KRW
041440,현대에버다임,KRW
001540,안국약품,KRW
086890,이수앱지스,KRW
289080,SV인베스트먼트,KRW
289930,웨이비스,KRW
269620,시스웍,KRW
115500,케이씨에스,KRW
039560,다산네트웍스,KRW
067290,JW신약,KRW
032940,원익,KRW
166480,코아스템켐온,KRW
037030,파워넷,KRW
311320,지오엘리먼트,KRW
069510,에스텍,KRW
408920,메쎄이상,KRW
322510,제이엘케이,KRW
417010,나노팀,KRW
017510,세명전기,KRW
331920,셀레믹스,KRW
473980,노머스,KRW
222040,코스맥스엔비티,KRW
136540,윈스테크넷,KRW
047770,코데즈컴바인,KRW
095190,신화프리텍,KRW
293780,압타바이오,KRW
122450,KX,KRW
036690,코맥스,KRW
095700,제넥신,KRW
209640,와이제이링크,KRW
108230,톱텍,KRW
205500,넥써쓰,KRW
950190,고스트스튜디오,KRW
307750,국전,KRW
037070,파세코,KRW
021080,에이티넘인베스트,KRW
003100,선광,KRW
013990,아가방컴퍼니,KRW
187790,나노,KRW
321550,티움바이오,KRW
417500,제이아이테크,KRW
080420,모다이노칩,KRW
256940,킵스파마,KRW
217270,넵튠,KRW
300080,플리토,KRW
066430,아이로보틱스,KRW
148150,세경하이테크,KRW
059120,아진엑스텍,KRW
321370,센서뷰,KRW
158430,아톤,KRW
297090,씨에스베어링,KRW
453450,그리드위즈,KRW
067990,도이치모터스,KRW
320000,한울반도체,KRW
115310,인포바인,KRW
338220,뷰노,KRW
221800,지구홀딩스,KRW
192410,오늘이엔엠,KRW
333430,일승,KRW
212560,네오오토,KRW
240550,동방메디컬,KRW
263860,지니언스,KRW
330350,위더스제약,KRW
101170,우림피티에스,KRW
008830,대동기어,KRW
413630,씨피시스템,KRW
475580,에이럭스,KRW
041590,플래스크,KRW
049520,유아이엘,KRW
123040,엠에스오토텍,KRW
452190,한빛레이저,KRW
235980,메드팩토,KRW
474610,RF시스템즈,KRW
089600,KT나스미디어,KRW
451220,아이엠티,KRW
340450,지씨지놈,KRW
090850,현대이지웰,KRW
038540,상상인,KRW
027710,팜스토리,KRW
093640,케이알엠,KRW
013310,아진산업,KRW
054050,NH농우바이오,KRW
063570,NICE인프라,KRW
067900,와이엔텍,KRW
006620,동구바이오제약,KRW
336680,탑런토탈솔루션,KRW
339950,아이비김영,KRW
054540,삼영엠텍,KRW
053700,삼보모터스,KRW
018120,진로발효,KRW
457370,한켐,KRW
068790,DMS,KRW
310200,애니플러스,KRW
366030,공구우먼,KRW
156100,엘앤케이바이오,KRW
382840,원준,KRW
396300,세아메카닉스,KRW
044990,에이치엔에스하이텍,KRW
149980,하이로닉,KRW
041520,이엘씨,KRW
131030,옵투스제약,KRW
071280,로체시스템즈,KRW
290740,액트로,KRW
052260,현대바이오랜드,KRW
051160,지어소프트,KRW
021320,KCC건설,KRW
009780,엠에스씨,KRW
092040,아미코젠,KRW
172670,에이엘티,KRW
475230,엔알비,KRW
323990,박셀바이오,KRW
073560,우리손에프앤지,KRW
290720,푸드나무,KRW
205100,엑셈,KRW
228850,레이언스,KRW
088130,동아엘텍,KRW
054920,한컴위드,KRW
094840,슈프리마에이치큐,KRW
040300,YTN,KRW
040160,누리플렉스,KRW
078890,가온그룹,KRW
141000,비아트론,KRW
104460,디와이피엔에프,KRW
950250,테라뷰,KRW
365330,에스와이스틸텍,KRW
396270,넥스트칩,KRW
059210,메타바이오메드,KRW
263720,디앤씨미디어,KRW
066980,한성크린텍,KRW
322180,LS티라유텍,KRW
039340,한국경제TV,KRW
025950,동신건설,KRW
002230,피에스텍,KRW
396470,워트,KRW
182360,큐브엔터,KRW
214680,디알텍,KRW
309960,LB인베스트먼트,KRW
217820,원익피앤이,KRW
307930,컴퍼니케이,KRW
109610,에스와이,KRW
086960,MDS테크,KRW
052900,KX하이텍,KRW
265740,엔에프씨,KRW
096240,크레버스,KRW
234030,싸이닉솔루션,KRW
115440,우리넷,KRW
246720,아스타,KRW
250060,모비스,KRW
246710,티앤알바이오팹,KRW
107600,새빗켐,KRW
047560,이스트소프트,KRW
074430,아미노로직스,KRW
389030,지니너스,KRW
100700,세운메디칼,KRW
203400,에이비온,KRW
065450,빅텍,KRW
066790,씨씨에스,KRW
357580,아모센스,KRW
136150,원일티엔아이,KRW
068240,다원시스,KRW
463020,뉴엔AI,KRW
079650,서산,KRW
352090,스톰테크,KRW
047820,초록뱀미디어,KRW
317770,엑스페릭스,KRW
255440,야스,KRW
215100,로보로보,KRW
062970,한국첨단소재,KRW
331740,아우토크립트,KRW
049950,미래컴퍼니,KRW
035080,그래디언트,KRW
381620,제닉스로보틱스,KRW
489460,바이오비쥬,KRW
099750,이지케어텍,KRW
282720,금양그린파워,KRW
173130,오파스넷,KRW
323350,다원넥스뷰,KRW
337930,젝시믹스,KRW
005860,한일사료,KRW
053260,금강철강,KRW
100130,동국S&C,KRW
362320,청담글로벌,KRW
120240,대정화금,KRW
129920,대성하이텍,KRW
085670,뉴프렉스,KRW
035610,솔본,KRW
357230,에이치피오,KRW
460940,피앤에스로보틱스,KRW
078140,대봉엘에스,KRW
456070,이엔셀,KRW
032300,한국파마,KRW
360070,탑머티리얼,KRW
030960,양지사,KRW
023900,풍국주정,KRW
089230,THE E&M,KRW
036220,오상헬스케어,KRW
093920,서원인텍,KRW
090470,제이스로보틱스,KRW
042500,링네트,KRW
045970,코아시아,KRW
033290,로젠,KRW
298540,더네이쳐홀딩스,KRW
072020,중앙백신,KRW
042510,라온시큐어,KRW
493330,지에프아이,KRW
063080,컴투스홀딩스,KRW
000440,중앙에너비스,KRW
086710,선진뷰티사이언스,KRW
038110,에코플라스틱,KRW
203690,아크솔루션스,KRW
418470,KT밀리의서재,KRW
040420,정상제이엘에스,KRW
217330,싸이토젠,KRW
212710,아이에스티이,KRW
950130,엑세스바이오,KRW
067370,선바이오,KRW
330730,스톤브릿지벤처스,KRW
302550,리메드,KRW
226400,오스테오닉,KRW
223250,드림씨아이에스,KRW
024830,세원물산,KRW
029480,광무,KRW
303810,동국생명과학,KRW
377480,마음AI,KRW
052860,아이앤씨,KRW
189330,씨이랩,KRW
487580,폴레드,KRW
131370,알서포트,KRW
043610,KT지니뮤직,KRW
101330,모베이스,KRW
131400,이브이첨단소재,KRW
011370,서한,KRW
009300,삼아제약,KRW
066310,큐에스아이,KRW
049080,기가레인,KRW
014950,삼익제약,KRW
024880,케이피에프,KRW
049180,셀루메드,KRW
389140,포바이포,KRW
475430,키스트론,KRW
059270,해성에어로보틱스,KRW
183490,엔지켐생명과학,KRW
004650,창해에탄올,KRW
040910,아이씨디,KRW
347890,엠엑스온,KRW
037760,쎄니트,KRW
004590,한국가구,KRW
048530,인트론바이오,KRW
054620,APS,KRW
053580,웹케시,KRW
225190,LK삼양,KRW
130580,나이스디앤비,KRW
052420,오성첨단소재,KRW
443670,에스피소프트,KRW
417970,모델솔루션,KRW
096250,와이즈넛,KRW
234300,에스트래픽,KRW
175250,아이큐어,KRW
299660,셀리드,KRW
054670,대한뉴팜,KRW
228670,레이,KRW
063170,서울옥션,KRW
066590,스모트로닉,KRW
066700,테라젠이텍스,KRW
412540,제일엠앤에스,KRW
388870,파로스아이바이오,KRW
412350,레이저쎌,KRW
058630,엠게임,KRW
033340,좋은사람들,KRW
019540,일지테크,KRW
039980,폴라리스AI,KRW
464490,쿼드메디슨,KRW
290660,다이나믹솔루션,KRW
408470,한패스,KRW
222160,NPX,KRW
053280,예스24,KRW
054040,한국컴퓨터,KRW
083790,CG인바이츠,KRW
142280,녹십자엠에스,KRW
036630,세종텔레콤,KRW
208370,셀바스헬스케어,KRW
058400,KNN,KRW
348350,위드텍,KRW
041930,SY동아,KRW
067000,조이시티,KRW
382480,지아이텍,KRW
084730,팅크웨어,KRW
100590,머큐리,KRW
170030,현대공업,KRW
079810,APS이노베이션,KRW
036640,HRS,KRW
011320,유니크,KRW
111710,남화산업,KRW
277880,티에스아이,KRW
265560,영화테크,KRW
017650,대림제지,KRW
217190,제너셈,KRW
088390,이녹스,KRW
072950,빛샘전자,KRW
451250,삐아,KRW
124560,태웅로직스,KRW
432470,케이엔에스,KRW
251120,바이오에프디엔씨,KRW
253840,수젠텍,KRW
067570,엔브이에이치코리아,KRW
294630,서남,KRW
036000,예림당,KRW
065510,휴비츠,KRW
443250,레뷰코퍼레이션,KRW
026150,특수건설,KRW
012700,리드코프,KRW
411080,샌즈랩,KRW
238090,앤디포스,KRW
424960,스마트레이더시스템,KRW
225530,HC보광산업,KRW
900250,크리스탈신소재,KRW
017480,삼현철강,KRW
039010,현대에이치티,KRW
288180,케이피항공산업,KRW
439580,블루엠텍,KRW
102370,케이옥션,KRW
019550,SBI인베스트먼트,KRW
020710,시공테크,KRW
060590,씨티씨바이오,KRW
110790,크리스에프앤씨,KRW
014970,삼륭물산,KRW
117670,알파칩스,KRW
094860,네오리진,KRW
208140,정다운,KRW
413390,엠오티,KRW
900260,로스웰,KRW
024740,한일단조,KRW
171120,라이온켐텍,KRW
370090,퓨런티어,KRW
419050,삼기에너지솔루션즈,KRW
096350,대창솔루션,KRW
162300,신스틸,KRW
032540,TJ미디어,KRW
033130,디지틀조선,KRW
373200,엑스플러스,KRW
105740,디케이락,KRW
201490,미투온,KRW
478560,블랙야크아이앤씨,KRW
101670,하이드로리튬,KRW
234920,자이글,KRW
476040,오가노이드사이언스,KRW
006140,피제이전자,KRW
091120,이엠텍,KRW
263800,데이타솔루션,KRW
091440,한울소재과학,KRW
214260,라파스,KRW
273640,와이엠텍,KRW
187420,HLB제넥스,KRW
123010,알엔티엑스,KRW
307870,비투엔,KRW
348150,고바이오랩,KRW
262260,에이프로,KRW
204840,지엘팜텍,KRW
073640,테라사이언스,KRW
261780,아리바이오랩,KRW
048430,유라테크,KRW
340360,다보링크,KRW
097800,윈팩,KRW
196490,디에이테크놀로지,KRW
060310,3S,KRW
045660,에이텍,KRW
128660,피제이메탈,KRW
002800,신신제약,KRW
126880,제이엔케이글로벌,KRW
241690,유니테크노,KRW
302430,이노메트리,KRW
109860,동일금속,KRW
043710,코스리거글로벌,KRW
038460,바이오스마트,KRW
044340,위닉스,KRW
453860,에이에스텍,KRW
061250,화일약품,KRW
391710,코닉오토메이션,KRW
153710,옵티팜,KRW
321260,프로이천,KRW
032850,비트컴퓨터,KRW
041910,폴라리스AI파마,KRW
459100,위츠,KRW
332370,아이디피,KRW
039610,화성밸브,KRW
168330,내츄럴엔도텍,KRW
222110,팬젠,KRW
046210,HLB파나진,KRW
081150,티플랙스,KRW
014470,부방,KRW
347860,알체라,KRW
064240,홈캐스트,KRW
061040,알에프텍,KRW
205470,휴마시스,KRW
039020,이건홀딩스,KRW
092300,현우산업,KRW
448710,코츠테크놀로지,KRW
417790,트루엔,KRW
080010,이상네트웍스,KRW
216050,인크로스,KRW
084650,랩지노믹스,KRW
317830,에스피시스템스,KRW
060570,드림어스컴퍼니,KRW
099220,SDN,KRW
010280,아이티센엔텍,KRW
251630,브이원텍,KRW
076610,해성옵틱스,KRW
214270,FSN,KRW
081180,쎄크,KRW
007820,엠엑스로보틱스,KRW
041460,한국전자인증,KRW
463480,모티브링크,KRW
140070,서플러스글로벌,KRW
104620,노랑풍선,KRW
005670,푸드웰,KRW
049480,오픈베이스,KRW
033560,블루콤,KRW
004780,대륙제관,KRW
089850,유비벨록스,KRW
064800,포니링크,KRW
010240,흥국,KRW
094850,참좋은여행,KRW
347000,센코,KRW
123420,위메이드플레이,KRW
246690,TS인베스트먼트,KRW
001840,이화공영,KRW
137950,제이씨케미칼,KRW
025550,한국선재,KRW
012790,신일제약,KRW
294090,이오플로우,KRW
263600,덕우전자,KRW
048910,대원미디어,KRW
003310,대주산업,KRW
056360,코위버,KRW
299170,더블유에스아이,KRW
215360,우리산업,KRW
294140,레몬,KRW
038680,에스넷,KRW
067170,오텍,KRW
091590,남화토건,KRW
065530,와이어블,KRW
048770,TPC로보틱스,KRW
136410,아셈스,KRW
311690,CJ 바이오사이언스,KRW
082850,우리바이오,KRW
460470,아이빔테크놀로지,KRW
378800,샤페론,KRW
049550,잉크테크,KRW
185490,아이진,KRW
155650,와이엠씨,KRW
008370,원풍,KRW
033320,제이씨현시스템,KRW
010470,오리콤,KRW
273060,와이즈버즈,KRW
452400,이닉스,KRW
384470,코어라인소프트,KRW
027830,대성창투,KRW
036670,삼양케이씨아이,KRW
039420,케이엘넷,KRW
053450,세코닉스,KRW
241790,티이엠씨씨엔에스,KRW
088910,동우팜투테이블,KRW
446840,지슨,KRW
175140,휴먼테크놀로지,KRW
033230,인성정보,KRW
045340,토탈소프트,KRW
019990,에너토크,KRW
315640,딥노이드,KRW
024910,경창산업,KRW
191420,테고사이언스,KRW
094940,푸른로보틱스,KRW
331380,포커스에이아이,KRW
145170,노브랜드,KRW
100030,인지소프트,KRW
099520,DGI,KRW
037440,희림,KRW
263690,디알젬,KRW
016250,SGC E&C,KRW
246960,SCL사이언스,KRW
071670,에이테크솔루션,KRW
053160,프리엠스,KRW
043650,국순당,KRW
333620,엔시스,KRW
046940,우원개발,KRW
053620,태양,KRW
137080,나래나노텍,KRW
039240,경남스틸,KRW
054930,유신,KRW
042110,에스씨디,KRW
067920,이글루,KRW
053350,이니텍,KRW
053050,지에스이,KRW
192250,케이사인,KRW
088280,쏘닉스,KRW
198080,캐프,KRW
215790,이노인스트루먼트,KRW
027050,코리아나,KRW
163280,에어레인,KRW
461030,아이엠비디엑스,KRW
340930,유일에너테크,KRW
317850,대모,KRW
222420,쎄노텍,KRW
229000,젠큐릭스,KRW
347740,피엔케이피부임상연구센타,KRW
007370,진양제약,KRW
217480,에스디생명공학,KRW
036120,서울평가정보,KRW
217500,러셀,KRW
042940,상지건설,KRW
095270,웨이브일렉트로,KRW
382150,온코크로스,KRW
318160,셀바이오휴먼텍,KRW
147760,피엠티,KRW
134580,탑코미디어,KRW
109080,옵티시스,KRW
053270,구영테크,KRW
104540,코렌텍,KRW
038010,제일테크노스,KRW
352910,오비고,KRW
057540,옴니시스템,KRW
317690,퀀타매트릭스,KRW
303360,프로티아,KRW
260930,씨티케이,KRW
950220,네오이뮨텍,KRW
199550,레이저옵텍,KRW
286750,나노실리칸첨단소재,KRW
950200,소마젠,KRW
278650,HLB바이오스텝,KRW
033310,엠투엔,KRW
170790,파이오링크,KRW
060560,HC홈센타,KRW
471820,셀로맥스사이언스,KRW
479960,위너스일렉,KRW
256630,포인트엔지니어링,KRW
066670,디티씨,KRW
050960,수산아이앤티,KRW
065170,비엘팜텍,KRW
096610,알에프세미,KRW
054300,팬스타엔터프라이즈,KRW
073110,엘엠에스,KRW
040610,SG&G,KRW
072990,에이치시티,KRW
099410,동방선기,KRW
063440,SM Life Design,KRW
053980,오상자이엘,KRW
355690,에이텀,KRW
015710,코콤,KRW
435570,에르코스,KRW
424980,마이크로투나노,KRW
072470,우리산업홀딩스,KRW
393970,대진첨단소재,KRW
440290,HB인베스트먼트,KRW
452200,민테크,KRW
291650,압타머사이언스,KRW
321820,아티스트컴퍼니,KRW
143540,영우디에스피,KRW
036090,위지트,KRW
177900,쓰리에이로직스,KRW
290670,대보마그네틱,KRW
219550,디와이디,KRW
219420,링크제니시스,KRW
065440,이루온,KRW
159580,제로투세븐,KRW
432430,와이랩,KRW
007680,대원,KRW
122310,제노레이,KRW
238120,얼라인드,KRW
065130,탑엔지니어링,KRW
373160,데이원컴퍼니,KRW
348080,큐라티스,KRW
052220,iMBC,KRW
317530,에피소드컴퍼니,KRW
082660,코스나인,KRW
052790,액토즈소프트,KRW
317870,엔바이오니아,KRW
051390,YW,KRW
418250,시큐레터,KRW
089790,제이티,KRW
190650,코리아에셋투자증권,KRW
068330,일신바이오,KRW
277070,린드먼아시아,KRW
037950,엘컴텍,KRW
104200,NHN벅스,KRW
033540,파라텍,KRW
261520,이지스,KRW
023440,제이스코홀딩스,KRW
189860,서전기전,KRW
189980,흥국에프엔비,KRW
094970,제이엠티,KRW
189690,포시에스,KRW
014190,원익큐브,KRW
299900,위지윅스튜디오,KRW
104040,디에스엠,KRW
038070,서린바이오,KRW
037330,인지디스플레,KRW
413640,비아이매트릭스,KRW
361570,알비더블유,KRW
082210,옵트론텍,KRW
288620,에스프리즘,KRW
314140,알피바이오,KRW
060850,영림원소프트랩,KRW
037230,한국팩키지,KRW
007530,와이엠,KRW
070300,엑스큐어,KRW
016600,큐캐피탈,KRW
127980,화인써키트,KRW
466410,사이냅소프트,KRW
056700,신화인터텍,KRW
276730,한울앤제주,KRW
153460,네이블,KRW
226330,신테카바이오,KRW
288330,파라택시스코리아,KRW
450330,하스,KRW
408900,스튜디오미르,KRW
360350,코셈,KRW
033170,시그네틱스,KRW
198940,한주라이트메탈,KRW
179530,애드바이오텍,KRW
207760,미스터블루,KRW
065500,오리엔트정공,KRW
419080,엔젯,KRW
173940,에프엔씨엔터,KRW
369370,블리츠웨이엔터테인먼트,KRW
393210,토마토시스템,KRW
066130,하츠,KRW
444530,심플랫폼,KRW
097870,효성오앤비,KRW
355390,크라우드웍스,KRW
171010,램테크놀러지,KRW
196300,HLB펩,KRW
002290,삼일기업공사,KRW
460870,에스엠씨지,KRW
024950,삼천리자전거,KRW
305090,마이크로디지탈,KRW
129890,앱코,KRW
178780,일월지엠엘,KRW
095910,에스에너지,KRW
258610,케일럼,KRW
140520,대창스틸,KRW
025880,케이씨피드,KRW
271830,팸텍,KRW
215380,우정바이오,KRW
050860,아세아텍,KRW
052460,아이크래프트,KRW
079000,와토스코리아,KRW
105760,포스뱅크,KRW
100660,서암기계공업,KRW
420570,제이투케이바이오,KRW
263770,유에스티,KRW
250000,보라티알,KRW
263020,디케이앤디,KRW
049830,승일,KRW
038060,루멘스,KRW
090410,덕신이피씨,KRW
263810,상신전자,KRW
123570,이엠넷,KRW
452160,제이엔비,KRW
419120,산돌,KRW
237820,플레이디,KRW
050120,ES큐브,KRW
066900,디에이피,KRW
417860,오브젠,KRW
307280,원바이오젠,KRW
376290,씨유테크,KRW
256150,한독크린텍,KRW
261200,덴티스,KRW
290120,DH오토리드,KRW
260660,알리코제약,KRW
033830,티비씨,KRW
114450,그린생명과학,KRW
150900,파수AI,KRW
224110,에이텍모빌리티,KRW
221980,케이디켐,KRW
351330,이삭엔지니어링,KRW
064090,인크레더블버즈,KRW
227950,엔투텍,KRW
352700,씨앤투스,KRW
465480,인스피언,KRW
122690,서진오토모티브,KRW
234100,폴라리스세원,KRW
196450,코아시아씨엠,KRW
458350,에스팀,KRW
032960,동일기연,KRW
128540,에코캡,KRW
332290,누보,KRW
051490,나라엠앤디,KRW
044960,이글벳,KRW
270870,뉴트리,KRW
086060,진바이오텍,KRW
203450,유니온바이오메트릭스,KRW
127710,아시아경제,KRW
043340,에쎈테크,KRW
020180,대신정보통신,KRW
263700,케어랩스,KRW
081580,성우전자,KRW
022220,티케이지애강,KRW
019770,서연탑메탈,KRW
218150,미래생명자원,KRW
186230,그린플러스,KRW
035460,기산텔레콤,KRW
219750,한국비티비,KRW
006920,모헨즈,KRW
297570,알로이스,KRW
069410,엔텔스,KRW
105550,엣지파운드리,KRW
376930,노을,KRW
365590,하이딥,KRW
228340,동양파일,KRW
122350,삼기,KRW
014570,고려제약,KRW
043910,자연과환경,KRW
452300,캡스톤파트너스,KRW
288980,모아데이타,KRW
204020,그리티,KRW
239890,피엔에이치테크,KRW
101240,씨큐브,KRW
049470,비트플래닛,KRW
148250,알엔투테크놀로지,KRW
221840,하이즈항공,KRW
083550,케이엠,KRW
290090,트윔,KRW
464280,티디에스팜,KRW
476080,M83,KRW
311390,네오크레마,KRW
072770,멤레이비티,KRW
087600,픽셀플러스,KRW
284620,카이노스메드,KRW
096630,에스코넥,KRW
184230,SGA솔루션즈,KRW
200780,비씨월드제약,KRW
459550,알트,KRW
045060,오공,KRW
215090,솔디펜스,KRW
153490,우리이앤엘하루틴,KRW
068940,셀피글로벌,KRW
025440,DH오토웨어,KRW
340810,시선AI,KRW
026040,제이에스티나,KRW
900300,오가닉티코스메틱,KRW
064520,테크엘,KRW
059100,아이컴포넌트,KRW
086040,바이오톡스텍,KRW
364950,에이아이코리아,KRW
263050,유틸렉스,KRW
088340,유라클,KRW
057030,YBM넷,KRW
220180,핸디소프트,KRW
024120,KB오토시스,KRW
351320,넥사다이내믹스,KRW
064480,브리지텍,KRW
335810,프리시젼바이오,KRW
080520,오디텍,KRW
071850,캐스텍코리아,KRW
206400,베노티앤알,KRW
013720,THE CUBE&,KRW
475460,미트박스,KRW
089150,케이씨티,KRW
052600,한네트,KRW
289220,자이언트스텝,KRW
066360,체리부로,KRW
199480,뱅크웨어글로벌,KRW
469750,아이비젼웍스,KRW
046310,백금T&A,KRW
387570,파인메딕스,KRW
206560,덱스터,KRW
103840,우양,KRW
109820,진매트릭스,KRW
318410,비비씨,KRW
133750,메가엠디,KRW
001000,신라섬유,KRW
026910,광진실업,KRW
119500,포메탈,KRW
021650,한국큐빅,KRW
058110,멕아이씨에스,KRW
340440,세림B&G,KRW
066910,손오공,KRW
232830,아이티센피엔에스,KRW
075130,플랜티넷,KRW
160550,NEW,KRW
159910,에코글로우,KRW
407400,꿈비,KRW
075970,동국알앤에스,KRW
434480,모니터랩,KRW
187270,신화콘텍,KRW
464500,아이언디바이스,KRW
376180,피코그램,KRW
060540,에스에이티,KRW
114630,폴라리스우노,KRW
359090,씨엔알리서치,KRW
032790,엠젠솔루션,KRW
187220,디티앤씨,KRW
208860,다산디엠씨,KRW
089140,넥스턴앤롤코리아,KRW
262840,아이퀘스트,KRW
388610,지에프씨생명과학,KRW
363260,모비데이즈,KRW
363250,진시스템,KRW
429270,시지트로닉스,KRW
050110,캠시스,KRW
258830,세종메디칼,KRW
900070,글로벌에스엠,KRW
169330,엠브레인,KRW
065950,웰크론,KRW
148930,에이치와이티씨,KRW
056730,CNT85,KRW
038950,파인디지털,KRW
277410,인산가,KRW
099390,브레인즈컴퍼니,KRW
430690,한싹,KRW
373170,엠아이큐브솔루션,KRW
044480,빌리언스,KRW
208710,포톤,KRW
239610,에이치엘사이언스,KRW
246250,에스엘에스바이오,KRW
450520,인스웨이브,KRW
007720,소노스퀘어,KRW
403490,우듬지팜,KRW
464580,닷밀,KRW
238490,힘스,KRW
336060,웨이버스,KRW
032860,더라미,KRW
296640,이노에이엑스,KRW
043200,파루,KRW
027040,서울전자통신,KRW
047080,한빛소프트,KRW
037370,EG,KRW
031310,아이즈비전,KRW
012620,원일특강,KRW
054780,키이스트,KRW
263920,휴엠앤씨,KRW
045300,성우테크론,KRW
031510,오스템,KRW
039290,인포뱅크,KRW
068050,팬엔터테인먼트,KRW
318020,포인트모바일,KRW
038620,위즈코프,KRW
475660,에스켐,KRW
053950,경남제약,KRW
021880,메이슨캐피탈,KRW
457600,벡트,KRW
177830,파버나인,KRW
257370,피엔티엠에스,KRW
131090,시큐브,KRW
318000,KBG,KRW
130500,GH신소재,KRW
383930,디티앤씨알오,KRW
106240,파인테크닉스,KRW
195500,마니커에프앤지,KRW
017000,신원종합개발,KRW
356890,싸이버원,KRW
019570,플루토스,KRW
146060,율촌,KRW
195990,에이비프로바이오,KRW
197140,디지캡,KRW
039740,한국정보공학,KRW
290520,신도기연,KRW
057680,티사이언티픽,KRW
317240,TS트릴리온,KRW
462510,라메디텍,KRW
131100,티엔엔터테인먼트,KRW
318010,팜스빌,KRW
033050,제이엠아이,KRW
200350,아티스트스튜디오,KRW
109960,앱토크롬,KRW
033200,모아텍,KRW
237750,피앤씨테크,KRW
043220,티에스넥스젠,KRW
097780,에코볼트,KRW
048470,대동스틸,KRW
406820,뷰티스킨,KRW
462980,아이지넷,KRW
035200,프럼파스트,KRW
397810,애드포러스,KRW
091970,나노캠텍,KRW
080530,코디,KRW
091340,S&K폴리텍,KRW
241840,에이스토리,KRW
310870,디와이씨,KRW
300120,라온피플,KRW
131220,대한과학,KRW
013810,스페코,KRW
073540,에프알텍,KRW
079170,한창산업,KRW
046390,삼화네트웍스,KRW
115160,휴맥스,KRW
438700,버넥트,KRW
225220,제놀루션,KRW
351870,차이커뮤니케이션,KRW
290270,휴네시온,KRW
121890,에스디시스템,KRW
290560,파라택시스이더리움,KRW
049120,파인디앤씨,KRW
254120,자비스,KRW
078590,휴림에이텍,KRW
068100,케이웨더,KRW
432980,엠에프씨,KRW
016100,리더스코스메틱,KRW
008470,부스타,KRW
045510,정원엔시스,KRW
200230,텔콘RF제약,KRW
900310,컬러레이,KRW
267790,배럴,KRW
405920,나라셀라,KRW
060380,동양에스텍,KRW
398120,에스지헬스케어,KRW
032080,아즈텍WB,KRW
252500,세화피앤씨,KRW
462310,뉴키즈온,KRW
065370,위세아이텍,KRW
032750,삼진,KRW
353590,오토앤,KRW
016670,디모아,KRW
274400,이노시뮬레이션,KRW
038880,아이에이,KRW
440320,오픈놀,KRW
038870,에코심플렉스,KRW
007770,한일화학,KRW
063760,이엘피,KRW
093380,풍강,KRW
142760,모아라이프플러스,KRW
001810,무림SP,KRW
069140,누리플랜,KRW
335870,윙스풋,KRW
333050,이노테나,KRW
051380,피씨디렉트,KRW
131180,딜리,KRW
018680,서울제약,KRW
036480,대성미생물,KRW
019660,글로본,KRW
123750,알톤,KRW
065650,하이퍼코퍼레이션,KRW
317120,라닉스,KRW
342870,오아,KRW
053060,세동,KRW
367000,플래티어,KRW
044780,에이치케이,KRW
016920,카스,KRW
455180,케이지에이,KRW
347770,핌스,KRW
134060,이퓨쳐,KRW
424760,벨로크,KRW
052300,오션인더블유,KRW
208350,지란지교시큐리티,KRW
138070,신진에스엠,KRW
115480,씨유메디칼,KRW
304840,피플바이오,KRW
223310,사토시홀딩스,KRW
065150,대산F&B,KRW
298060,풍전약품,KRW
073570,리튬포어스,KRW
188040,바이오포트,KRW
090150,아이윈,KRW
053290,NE능률,KRW
352940,인바이오,KRW
032800,판타지오,KRW
101000,KS인더스트리,KRW
058450,한주에이알티,KRW
376980,원티드랩,KRW
210120,캔버스엔,KRW
373110,엑셀세라퓨틱스,KRW
024940,PN풍년,KRW
054090,삼진엘앤디,KRW
348030,모비릭스,KRW
377330,이지트로닉스,KRW
353190,휴럼,KRW
070590,인티큐브,KRW
096690,에이루트,KRW
140430,카티스,KRW
080470,성창오토텍,KRW
067010,이씨에스,KRW
043360,디지아이,KRW
139670,키네마스터,KRW
418620,E8,KRW
115570,스타플렉스,KRW
291230,엔피,KRW
067730,로지시스,KRW
023770,플레이위드,KRW
301300,바이브컴퍼니,KRW
130740,티피씨글로벌,KRW
080720,한국유니온제약,KRW
051780,큐로홀딩스,KRW
017250,인터엠,KRW
098660,에스티오,KRW
331520,밸로프,KRW
354200,엔젠바이오,KRW
021040,대호특수강,KRW
188260,세니젠,KRW
236810,엔비티,KRW
054940,엑사이엔씨,KRW
372800,아이티아이즈,KRW
115610,이미지스,KRW
238200,비피도,KRW
083470,이엠앤아이,KRW
365900,브이씨,KRW
123840,뉴온,KRW
900100,파이온엑스,KRW
900340,윙입푸드,KRW
222980,한국맥널티,KRW
239340,이스트에이드,KRW
258790,소프트캠프,KRW
037400,우리엔터프라이즈,KRW
006050,국영지앤엠,KRW
303530,이노뎁,KRW
154030,아시아종묘,KRW
065060,지엔코,KRW
322780,코퍼스코리아,KRW
377220,프롬바이오,KRW
014100,메디앙스,KRW
045520,크린앤사이언스,KRW
224060,더코디,KRW
038530,케이바이오랩스,KRW
020400,대동금속,KRW
215480,토박스코리아,KRW
415380,스튜디오삼익,KRW
225590,패션플랫폼,KRW
032280,삼일,KRW
103230,에스앤더블류,KRW
060900,에이전트AI,KRW
054220,비츠로시스,KRW
328380,솔트웨어,KRW
431190,케이쓰리아이,KRW
226340,본느,KRW
192390,윈하이텍,KRW
214610,롤링스톤,KRW
131760,파인텍,KRW
088290,이원컴포텍,KRW
227610,아우딘퓨쳐스,KRW
060260,뉴보텍,KRW
362990,드림인사이트,KRW
083640,인콘,KRW
306040,에스제이그룹,KRW
078860,아이오케이이엔엠,KRW
031860,디에이치엑스컴퍼니,KRW
084440,유비온,KRW
109670,씨싸이트,KRW
083660,CSA 코스믹,KRW
193250,링크드,KRW
042040,케이피엠테크,KRW
275630,에스에스알,KRW
148780,비큐AI,KRW
101680,한국정밀기계,KRW
900110,딥커머스,KRW
032980,바이온,KRW
050760,에스폴리텍,KRW
076080,웰크론한텍,KRW
035620,바른손이앤에이,KRW
023790,동일스틸럭스,KRW
027580,상보,KRW
240600,유진테크놀로지,KRW
085810,알티캐스트,KRW
377030,비트맥스,KRW
039310,세중,KRW
279600,미디어젠,KRW
101400,엔시트론,KRW
069330,유아이디,KRW
344860,이노진,KRW
032680,소프트센,KRW
368600,아이씨에이치,KRW
113810,디젠스,KRW
482680,미래에셋비전스팩7호,KRW
060480,국일신동,KRW
208640,썸에이지,KRW
289010,아이스크림에듀,KRW
060230,제이케이시냅스,KRW
247660,나노씨엠에스,KRW
241820,피씨엘,KRW
285800,진영,KRW
477380,미래에셋비전스팩4호,KRW
196700,웹스,KRW
303030,지니틱스,KRW
270520,앱튼,KRW
054410,케이피티유,KRW
389680,유디엠텍,KRW
417180,핑거스토리,KRW
106520,노블엠앤비,KRW
096870,엘디티,KRW
034940,조아제약,KRW
050090,비케이홀딩스,KRW
110020,전진바이오팜,KRW
048830,엔피케이,KRW
065690,파커스,KRW
477340,에이치엠씨제7호스팩,KRW
469880,하나30호스팩,KRW
009620,삼보산업,KRW
030350,드래곤플라이,KRW
405000,플라즈맵,KRW
011080,형지I&C,KRW
361670,삼영에스앤씨,KRW
079950,인베니아,KRW
115530,씨엔플러스,KRW
308100,형지글로벌,KRW
227100,프로브잇,KRW
065770,CS,KRW
199730,바이오인프라,KRW
018620,우진비앤지,KRW
419540,비스토스,KRW
900120,씨엑스아이,KRW
473050,유안타제15호스팩,KRW
028080,휴맥스홀딩스,KRW
900270,헝셩그룹,KRW
154040,다산솔루에타,KRW
067770,세진티에스,KRW
092600,앤씨앤,KRW
137940,넥스트아이,KRW
043590,웰킵스하이텍,KRW
479880,한국제15호스팩,KRW
478440,미래에셋비전스팩6호,KRW
352770,셀레스트라,KRW
312610,에이에프더블류,KRW
489480,키움제11호스팩,KRW
244460,올리패스,KRW
250930,예선테크,KRW
481890,엔에이치스팩31호,KRW
191410,육일씨엔에쓰,KRW
009730,이렘,KRW
489730,디비금융제13호스팩,KRW
065420,에스아이리소스,KRW
478390,KB제29호스팩,KRW
054180,메디콕스,KRW
471050,대신밸런스제17호스팩,KRW
079190,케스피온,KRW
492220,KB제31호스팩,KRW
482520,교보16호스팩,KRW
065570,삼영이엔씨,KRW
002680,한탑,KRW
477760,DB금융스팩12호,KRW
035290,골드앤에스,KRW
291810,핀텔,KRW
482690,대신밸런스제19호스팩,KRW
018700,졸스,KRW
025870,신라에스지,KRW
469900,하나31호스팩,KRW
060240,스타코링크,KRW
087260,모바일어플라이언스,KRW
487360,신한제14호스팩,KRW
477470,미래에셋비전스팩5호,KRW
474660,신한제12호스팩,KRW
069920,엑시온그룹,KRW
474490,유안타제16호스팩,KRW
496070,신한제16호스팩,KRW
012340,뉴인텍,KRW
084180,수성웹툰,KRW
486630,KB제30호스팩,KRW
493790,유안타제17호스팩,KRW
225430,케이엠제약,KRW
489210,교보17호스팩,KRW
043100,알파AI,KRW
177350,베셀,KRW
478110,이베스트스팩6호,KRW
466690,키움히어로제1호스팩,KRW
498390,한화플러스제5호스팩,KRW
008290,원풍물산,KRW
472220,신영스팩10호,KRW
488060,유진스팩11호,KRW
106080,케이이엠텍,KRW
368970,오에스피,KRW
484130,하나34호스팩,KRW
121850,코이즈,KRW
473950,에스케이증권제13호스팩,KRW
469480,IBKS제24호스팩,KRW
467930,IBKS제23호스팩,KRW
465320,교보15호스팩,KRW
487830,신한제15호스팩,KRW
468760,유진스팩10호,KRW
073190,듀오백,KRW
472230,에스케이증권제11호스팩,KRW
487720,키움제10호스팩,KRW
03481K,해성산업1우,KRW
475250,하나33호스팩,KRW
079970,투비소프트,KRW
474930,신한제13호스팩,KRW
276040,스코넥,KRW
473000,에스케이증권제12호스팩,KRW
101390,아이엠,KRW
475240,하나32호스팩,KRW
044180,KD,KRW
313760,캐리,KRW
309930,조이웍스앤코,KRW
043090,더테크놀로지,KRW
052770,아이톡시,KRW
021045,대호특수강우,KRW
032685,소프트센우,KRW
